Sam,,,,,,Grey bold left align = Calculated as proportion of another variable,,,,,,,,,,,,,,,,,,,,,,,,,,,,,,,,,,,,,,,,,,,,,,,,,,,,,,,,,,,,,,,,,,,,,,,,,,,,,,,,,,,,,,,,,,,,,,,,,,,,,,,,,,,,,,,,,,,,,,,,,,,,,,,,,,,,,,,,,,,,,,,,,,,,,,,,,,,,,,,,,,,,,,,,,,,,,,,,,,,,,,,,,,,,,,,,,,,,,,,,,,,,,,,,,,,,,,,,,,,,,,,,,,,,,,,,,,,,,,,,,,,,,,,
Var no.,Formula,Min,Max,Sample 1,Sample 2,Sample 3,Sample 4,Sample 5,Sample 6,Sample 7,Sample 8,Sample 9,Sample 10,Sample 11,Sample 12,Sample 13,Sample 14,Sample 15,Sample 16,Sample 17,Sample 18,Sample 19,Sample 20,Sample 21,Sample 22,Sample 23,Sample 24,Sample 25,Sample 26,Sample 27,Sample 28,Sample 29,Sample 30,Sample 31,Sample 32,Sample 33,Sample 34,Sample 35,Sample 36,Sample 37,Sample 38,Sample 39,Sample 40,Sample 41,Sample 42,Sample 43,Sample 44,Sample 45,Sample 46,Sample 47,Sample 48,Sample 49,Sample 50,Sample 51,Sample 52,Sample 53,Sample 54,Sample 55,Sample 56,Sample 57,Sample 58,Sample 59,Sample 60,Sample 61,Sample 62,Sample 63,Sample 64,Sample 65,Sample 66,Sample 67,Sample 68,Sample 69,Sample 70,Sample 71,Sample 72,Sample 73,Sample 74,Sample 75,Sample 76,Sample 77,Sample 78,Sample 79,Sample 80,Sample 81,Sample 82,Sample 83,Sample 84,Sample 85,Sample 86,Sample 87,Sample 88,Sample 89,Sample 90,Sample 91,Sample 92,Sample 93,Sample 94,Sample 95,Sample 96,Sample 97,Sample 98,Sample 99,Sample 100,Sample 101,Sample 102,Sample 103,Sample 104,Sample 105,Sample 106,Sample 107,Sample 108,Sample 109,Sample 110,Sample 111,Sample 112,Sample 113,Sample 114,Sample 115,Sample 116,Sample 117,Sample 118,Sample 119,Sample 120,Sample 121,Sample 122,Sample 123,Sample 124,Sample 125,Sample 126,Sample 127,Sample 128,Sample 129,Sample 130,Sample 131,Sample 132,Sample 133,Sample 134,Sample 135,Sample 136,Sample 137,Sample 138,Sample 139,Sample 140,Sample 141,Sample 142,Sample 143,Sample 144,Sample 145,Sample 146,Sample 147,Sample 148,Sample 149,Sample 150,Sample 151,Sample 152,Sample 153,Sample 154,Sample 155,Sample 156,Sample 157,Sample 158,Sample 159,Sample 160,Sample 161,Sample 162,Sample 163,Sample 164,Sample 165,Sample 166,Sample 167,Sample 168,Sample 169,Sample 170,Sample 171,Sample 172,Sample 173,Sample 174,Sample 175,Sample 176,Sample 177,Sample 178,Sample 179,Sample 180,Sample 181,Sample 182,Sample 183,Sample 184,Sample 185,Sample 186,Sample 187,Sample 188,Sample 189,Sample 190,Sample 191,Sample 192,Sample 193,Sample 194,Sample 195,Sample 196,Sample 197,Sample 198,Sample 199,Sample 200,Sample 201,Sample 202,Sample 203,Sample 204,Sample 205,Sample 206,Sample 207,Sample 208,Sample 209,Sample 210,Sample 211,Sample 212,Sample 213,Sample 214,Sample 215,Sample 216,Sample 217,Sample 218,Sample 219,Sample 220,Sample 221,Sample 222,Sample 223,Sample 224,Sample 225,Sample 226,Sample 227,Sample 228,Sample 229,Sample 230,Sample 231,Sample 232,Sample 233,Sample 234,Sample 235,Sample 236,Sample 237,Sample 238,Sample 239,Sample 240,Sample 241,Sample 242,Sample 243,Sample 244,Sample 245,Sample 246,Sample 247,Sample 248,Sample 249,Sample 250
1,Current +/- 20%,55.38,83.08,63.27,67.76,56.939,67.239,69.422,69.948,77.396,66.572,58.324,82.65,60.182,80.883,67.333,72.755,67.17,62.759,71.141,82.16,57.076,68.306,56.031,69.135,80.972,69.795,64.544,81.804,82.709,60.971,79.623,70.484,77.53,58.869,66.731,58.448,72.241,83.017,64.264,73.082,76.091,61.806,61.244,80.882,64.565,55.545,73.706,55.957,67.711,69.603,74.794,73.87,79.822,76.721,61.526,63.235,56.712,82.054,58.378,56.138,74.456,61.459,76.706,65.208,77.839,57.121,69.796,64.149,59.113,71.994,61.116,78.291,62.629,81.831,70.404,61.551,58.895,69.897,77.34,77.759,56.676,56.522,63.613,72.242,76.557,62.518,76.223,62.126,82.121,76.665,65.847,74.131,58.721,63.28,67.073,60.44,73.463,60.981,81.475,74.948,79.148,64.131,64.931,59.874,58.84,63.341,79.047,79.478,58.657,59.465,57.342,75.205,56.802,57.471,72.27,66.731,72.257,59.166,59.588,74.295,56.592,60.464,76.832,77.055,78.685,76.89,82.147,81.618,66,71.287,59.285,76.775,81.556,69.424,70.507,66.419,64.241,78.033,73.515,78.1,66.081,82.106,67.345,80.428,65.643,59.732,79.377,78.16,72.412,55.516,66.01,68.318,60.648,82.52,56.143,75.177,60.155,69.449,82.366,59.562,67.007,57.836,69.736,69.567,59.922,56.167,69.289,57.171,76.854,78.022,79.623,79.679,80.158,75.444,64.834,76.708,74.485,55.716,60.286,73.312,73.124,81.665,56.865,55.4,72.532,68.271,66.967,69.726,78.31,58.23,58.568,66.438,79.038,61.843,76.528,82.801,64.549,71.529,70.114,75.341,70.406,59.248,62.674,56.564,63.491,55.806,70.474,65.069,65.655,78.306,80.66,58.29,56.378,61.294,69.142,68.827,70.172,60.55,82.22,70.732,80.219,61.593,72.575,65.231,79.767,78.246,61.745,74.651,79.377,79.929,68.95,78.053,56.093,80.707,79.009,67.265,61.928,79.594,76.64,71.405,77.643,76.805,81.495,77.521,70.489,82.482,60.545,63.538,80.312,80.777,61.006,72.647
2,Current +/- 20%,4.96,6.98,6.117,5.814,6.096,5.846,6.831,6.509,5.416,6.885,6.823,5.188,5.91,5.913,5.787,5.79,6.886,5.47,5.454,6.385,5.159,5.408,5.873,5.873,6.431,5.372,5.686,5.41,5.665,6.651,6.97,6.824,5.311,5.787,6.089,5.859,6.02,5.944,5.964,6.433,5.237,6.827,5.506,5.81,6.126,6.703,6.105,6.653,5.43,5.741,5.914,5.045,6.405,5.243,6.025,5.695,6.703,5.981,5.261,6.688,5.161,6.479,5.129,5.633,6.662,6.369,5.822,6.021,6.194,5.114,5.209,6.072,5.119,6.328,6.666,5.814,5.36,5.881,5.888,6.416,5.958,6.013,6.358,5.34,5.888,5.518,6.91,6.058,6.079,5.123,5.116,5.154,6.369,5.221,6.581,4.976,5.427,5.568,6.902,5.947,5.708,5.024,5.904,6.711,6.254,5.433,6.441,6.474,5.53,5.686,5.405,6.38,6.555,5.178,6.213,6.04,5.265,5.906,5.371,6.336,5.61,6.545,6.851,6.222,5.984,6.709,5.32,5.855,5.027,5.752,5.912,5.464,5.502,6.153,6.934,6.571,5.039,5.619,5.103,6.692,6.641,6.149,5.48,6.353,5.217,5.314,6.942,5.351,5.16,6.015,5.908,5.265,5.992,5.559,5.59,5.456,5.885,5.853,5.159,5.986,5.588,5.384,6.971,6.806,5.607,5.391,6.019,6.931,5.909,6.086,6.266,6.775,6.752,6.016,4.995,5.063,6.166,6.755,5.457,5.45,5.342,6.471,6.592,5.144,6.388,6.5,5.505,5.262,6.289,6.958,5.823,5.821,6.333,5.65,5.685,6.379,5.534,5.451,5.27,5.184,5.079,5.413,5.131,6.422,5.582,5.821,5.341,5.706,6.316,4.988,6.564,6.529,5.481,6.522,5.527,5.529,6.144,6.125,5.535,6.08,6.135,5.639,6.592,5.584,6.051,6.105,6.008,5.648,6.654,6.542,5.577,5.84,6.365,5.859,6.025,6.867,6.019,5.902,6.704,5.063,5.463,5.773,5.48,5.272,6.008,5.076,5.236,5.142,6.931,5.525,5.446,6.214
8.RATIOEQ.2,Current +/- 20%,12.52,18.77,16.097,15.154,16.031,15.253,18.315,17.314,13.916,18.48,18.29,13.21,15.453,15.461,15.069,15.08,18.484,14.086,14.034,16.927,13.118,13.893,15.337,15.336,17.072,13.779,14.756,13.897,14.69,17.753,18.747,18.292,13.591,15.07,16.008,15.293,15.795,15.558,15.621,17.079,13.361,18.301,14.196,15.14,16.124,17.916,16.058,17.762,13.96,14.926,15.465,12.765,16.99,13.38,15.81,14.785,17.915,15.673,13.437,17.87,13.123,17.221,13.024,14.59,17.787,16.879,15.18,15.797,16.335,12.98,13.275,15.956,12.993,16.75,17.801,15.153,13.744,15.363,15.383,17.026,15.6,15.773,16.845,13.682,15.383,14.235,18.559,15.911,15.977,13.007,12.986,13.102,16.877,13.312,17.538,12.549,13.952,14.388,18.535,15.568,14.826,12.7,15.432,17.941,16.522,13.97,17.102,17.204,14.27,14.756,13.882,16.912,17.458,13.178,16.392,15.855,13.449,15.44,13.778,16.775,14.521,17.426,18.377,16.422,15.683,17.934,13.62,15.283,12.709,14.962,15.457,14.067,14.184,16.207,18.634,17.506,12.745,14.548,12.943,17.881,17.724,16.194,14.114,16.828,13.299,13.6,18.658,13.715,13.121,15.778,15.447,13.447,15.708,14.363,14.458,14.04,15.374,15.274,13.119,15.69,14.453,13.818,18.748,18.237,14.511,13.84,15.79,18.626,15.447,16,16.559,18.141,18.069,15.783,12.609,12.819,16.248,18.078,14.046,14.022,13.687,17.195,17.571,13.072,16.937,17.286,14.193,13.437,16.629,18.708,15.183,15.175,16.765,14.644,14.754,16.909,14.282,14.025,13.463,13.196,12.868,13.909,13.031,17.042,14.434,15.175,13.683,14.819,16.713,12.586,17.484,17.376,14.118,17.353,14.262,14.27,16.179,16.121,14.286,15.979,16.152,14.608,17.572,14.439,15.891,16.059,15.756,14.637,17.763,17.417,14.417,15.234,16.867,15.294,15.808,18.426,15.792,15.427,17.921,12.819,14.063,15.028,14.117,13.469,15.757,12.86,13.358,13.066,18.626,14.256,14.01,16.398
14.RATIOEQ.2,Current +/- 20%,5.31,7.96,6.827,6.427,6.799,6.469,7.768,7.343,5.902,7.838,7.757,5.603,6.554,6.557,6.391,6.396,7.84,5.974,5.952,7.179,5.564,5.892,6.505,6.504,7.241,5.844,6.259,5.894,6.23,7.53,7.951,7.758,5.764,6.391,6.789,6.486,6.699,6.599,6.625,7.244,5.667,7.762,6.021,6.421,6.839,7.599,6.811,7.534,5.921,6.331,6.559,5.414,7.206,5.675,6.706,6.271,7.598,6.648,5.699,7.579,5.566,7.304,5.524,6.188,7.544,7.159,6.438,6.7,6.928,5.505,5.63,6.767,5.511,7.104,7.55,6.427,5.829,6.516,6.525,7.221,6.617,6.69,7.145,5.803,6.525,6.038,7.872,6.748,6.776,5.517,5.508,5.557,7.158,5.646,7.438,5.322,5.918,6.102,7.861,6.603,6.288,5.386,6.545,7.609,7.008,5.925,7.253,7.297,6.053,6.258,5.888,7.173,7.404,5.589,6.953,6.725,5.704,6.549,5.844,7.115,6.159,7.391,7.794,6.965,6.652,7.606,5.776,6.482,5.39,6.346,6.556,5.966,6.016,6.874,7.903,7.425,5.406,6.17,5.49,7.584,7.517,6.868,5.986,7.137,5.641,5.768,7.914,5.817,5.565,6.692,6.552,5.703,6.662,6.092,6.132,5.955,6.521,6.478,5.564,6.654,6.13,5.861,7.952,7.735,6.154,5.87,6.697,7.9,6.552,6.786,7.023,7.694,7.664,6.694,5.348,5.437,6.891,7.667,5.957,5.947,5.805,7.293,7.453,5.544,7.184,7.331,6.02,5.699,7.053,7.935,6.44,6.436,7.111,6.211,6.257,7.172,6.058,5.949,5.71,5.597,5.458,5.899,5.527,7.228,6.122,6.436,5.804,6.285,7.088,5.338,7.416,7.37,5.988,7.36,6.049,6.052,6.862,6.838,6.059,6.777,6.85,6.196,7.453,6.124,6.74,6.811,6.683,6.208,7.534,7.387,6.115,6.461,7.154,6.487,6.705,7.815,6.698,6.543,7.601,5.437,5.965,6.374,5.987,5.713,6.683,5.455,5.665,5.542,7.9,6.046,5.942,6.955
20,Current to -50%,13,26,17.87,24.041,13.58,20.265,13.256,25.455,18.831,18.019,23.262,17.324,25.419,13.956,17.321,13.26,24.781,24.811,13.937,14.46,13.795,25.992,25.98,16.315,18.6,13.188,19.476,22.89,20.389,25.401,18.162,16.18,23.413,15.729,16.968,14.019,13.505,21.203,16.277,13.613,17.193,25.659,19.104,22.353,16.227,20.183,19.999,20.745,25.084,20.489,15.568,25.039,13.451,22.277,16.806,17.151,23.802,16.339,25.271,24.365,16.945,24.357,18.825,23.988,16.753,20.87,20.442,20.619,20.609,23.77,17.567,19.144,13.638,16.836,17.721,22.716,21.189,23.458,19.274,22.377,20.154,13.589,15.671,15.508,25.723,21.999,15.397,24.787,25.028,22.654,18.629,13.399,16.136,20.798,23.924,21.266,22.583,16.097,19.732,21.501,20.454,16.841,19.917,23.571,16.516,17.049,22.477,21.033,18.678,13.832,17.058,21.191,17.1,14.329,21.686,18.542,15.64,17.717,17.358,20.967,24.233,23.681,22.387,16.511,22.683,15.512,18.918,17.97,16.051,18.072,21.396,14.406,16.757,25.429,18.904,17.2,13.051,14.863,22.252,13.362,21.064,17.143,13.235,15.178,17.374,14.674,23.515,18.796,21.883,19.139,15.574,15.167,13.096,24.335,18.314,19.321,25.779,19.902,19.424,24.56,20.601,14.289,19.392,17.594,17.796,24.347,16.651,17.02,23.529,21.429,13.84,18.08,13.459,23.71,25.293,20.836,17.574,17.518,13.445,14.072,23.078,22.068,25.218,19.749,13.785,22.957,21.42,24.794,20.935,18.587,20.264,25.334,17.867,25.476,21.943,19.097,17.243,20.93,15.785,19.712,13.355,22.67,22.185,14.808,18.197,17.912,16.641,21.913,20.942,22.532,15.567,25.824,18.165,21.625,20.271,25.98,21.13,20.989,15.749,14.925,20.934,21.366,23.276,19.911,23.387,23.069,13.685,22.314,16.536,17.729,16.034,17.298,15.828,20.472,23.645,22.393,13.094,22.994,21.557,21.478,18.15,25.62,14.391,17.095,22,14.069,13.742,21.963,21.267,25.325,15.599,21.852
21,Current to -50%,13,26,25.386,25.116,16.77,18.661,15.49,15.978,15.339,23.784,17.947,14.567,23.326,17.088,22.823,15.921,15.897,17.381,15.576,17.146,14.881,14.13,19.219,15.643,21.974,14.175,25.07,13.278,21.46,19.557,13.206,24.47,24.667,17.619,17.389,13.469,24.027,19.69,13.185,17.611,17.334,24.257,25.124,16.734,13.642,18.724,23.898,18.277,24.946,16.127,21.668,25.411,19.596,18.56,20.393,24.347,22.943,14.697,20.412,13.987,16.592,20.578,24.189,24.936,18.093,22.857,16.182,24.42,25.854,21.493,24.8,21.249,20.713,15.071,19.002,20.498,23.745,24.211,21.034,21.681,14.026,24.793,17.618,24.886,24.605,23.541,21.477,15.632,14.283,22.31,23.96,24.401,25.465,16.001,21.374,14.218,15.589,25.893,20.006,18.096,18.941,13.127,23.517,19.959,13.759,15.51,22.015,15.464,14.711,14.164,16.616,21.22,22.852,20.222,24.329,14.781,19.627,24.018,19.577,21.462,23.971,25.052,20.959,16.818,20.013,13.531,23.217,21.142,19.22,16.87,23.321,21.145,23.558,13.37,18.688,14.609,25.659,13.293,23.429,21.483,16.041,24.35,17.099,23.356,23.939,22.452,23.061,15.129,17.324,15.23,16.121,14.416,17.828,24.18,21.742,13.368,25.369,15.101,13.926,15.28,18.601,16.917,25.095,20.113,23.745,22.902,13.548,18.861,17.64,17.464,19.228,17.419,24.054,19.266,19.37,18.173,20.146,18.168,25.444,15.032,16.249,20.669,15.115,25.014,17.085,20.252,17.539,16.917,14.776,18.001,17.721,14.665,24.755,16.299,19.261,13.272,22.779,16.928,18.167,18.373,13.381,19.282,20.457,15.417,17.602,19.489,18.657,13.439,18.6,14.513,19.376,24.388,23.458,14.332,24.446,22.32,14.056,13.097,16.371,24.168,23.066,13.53,13.24,14.294,21.897,22.39,21.692,17.484,25.486,16.669,23.881,17.486,24.323,21.812,25.169,25.377,22.536,19.874,21.907,20.565,23.666,16.815,13.64,16.816,21.677,21.704,15.31,23.928,13.111,22.633,16.889,20.608
22,Current to -50%,19.5,39,23.771,20.224,20.365,28.643,32.737,35.615,30.96,31.534,26.204,33.323,35.662,25.246,24.524,22.632,37.329,38.408,26.665,21.068,31.723,23.791,27.253,35.54,28.402,34.046,26.957,21.402,23.038,31.053,29.571,32.369,33.501,37.007,38.565,37.507,26.033,26.189,24.691,30.358,36.718,30.395,29.211,26.912,28.91,27.138,33.69,31.387,26.222,25.046,27.611,38.838,26.943,28.412,31.839,24.665,38.398,35.345,25.138,23.657,29.048,21.72,29.004,32.855,25.954,23.27,37.944,32.639,20.414,23.012,26.64,27.044,37.294,32.629,27.267,28.699,29.117,37.063,26.274,32.418,31.175,30.519,38.618,26.031,35.788,25.1,32.51,28.268,29.745,25.754,20.597,37.185,34.649,36.868,22.505,24.253,33.412,29.787,26.031,37.117,32.878,27.789,23.047,33.413,33.245,30.17,34.103,33.972,38.183,30.127,27.961,19.882,33.12,36.564,35.718,23.128,33.949,36.095,37.154,36.328,30.293,22.798,35.499,23.594,25.851,32.302,26.371,31.07,38.052,38.808,30.367,33.663,23.416,21.011,38.882,30.21,38.136,24.741,27.806,37.427,25.528,29.259,36.539,30.141,38.299,28.356,20.35,30.75,24.663,26.56,29.073,24.647,31.238,26.117,35.278,24.673,26.494,20.722,26.177,27.246,31.259,26.224,31.666,28.49,30.487,25.772,36.286,30.289,35.619,28.617,28.416,22.711,36.294,38.244,30.777,24.146,23.74,24.275,25.97,29.134,30.148,32.905,26.995,25.987,25.379,36.846,20.41,29.459,34.996,34.112,25.926,19.948,30.289,27.552,34.635,22.39,20.91,30.588,29.767,25.987,36.701,36.224,23.353,32.295,26.313,20.048,32.478,30.751,35.195,34.797,30.896,36.033,34.124,34.256,19.623,30.556,36.937,36.996,30.217,32.163,28.829,26.218,26.605,35.82,25.448,32.284,34.789,28.26,33.603,38.13,22.713,25.658,26.705,21.484,38.144,31.286,33.303,26.82,26.994,38.622,24.476,34.634,33.318,37.865,35.809,26.941,25.661,29.344,33.109,23.269,30.472,31.187
23,Current to -50%,29,58,52.516,35.592,32.126,50.726,54.402,39.964,32.455,55.711,53.253,48.398,53.777,35.946,52.743,55.845,35.175,46.466,55.008,54.425,57.27,44.709,33.551,38.182,56.539,39.688,46.115,49.632,40.254,41.123,43.703,48.679,54.126,32.093,55.179,50.418,47.447,51.804,52.889,38.791,44.582,30.769,38.817,30.151,55.734,41.236,43.786,54.169,42.467,30.309,57.919,56.018,33.146,46.705,53.124,29.655,52.588,39.179,42.854,56.615,30.636,53.782,44.673,52.021,54.062,52.671,56.24,52.377,35.565,44.56,31.688,44.799,44.765,33.658,34.753,31.403,47.405,49.813,45.304,49.143,48.01,33.523,40.588,39.147,29.013,37.729,51.688,57.126,51.486,32.101,50.066,57.794,36.705,32.303,45.549,49.946,55.518,55.507,43.849,48.473,45.042,51.977,55.614,33.972,42.243,46.152,57.261,55.757,37.592,55.784,38.617,51.377,52.546,41.581,40.639,32.278,46.676,35.622,54.52,45.354,41.419,30.761,52.876,32.054,57.103,30.308,52.456,29.879,40.901,46.451,46.179,35.706,29.102,38.366,35.986,47.707,49.403,34.034,50.285,30.146,31.569,55.217,30.966,45.306,50.392,36.195,34.956,46.97,44.114,53.593,49.749,42.867,38.192,40.816,43.247,43.575,52.236,30.707,45.075,29.564,32.002,50.61,30.453,34.371,31.583,33.905,35.509,42.058,32.684,46.088,33.137,31.661,39.395,45.821,38.091,40.586,48.398,32.825,52.982,51.49,33.221,33.691,52.193,41.128,37.617,44.856,49.689,30.161,53.739,55.381,35.275,55.345,41.803,57.905,43.873,54.061,46.816,35.819,54.394,42.122,37.193,53.128,55.898,53.426,57.598,32.438,55.96,32.889,57.741,40.69,40.104,48.123,37.133,43.742,50.618,46.394,38.964,33.754,47.191,36.475,52.058,52.604,49.735,48.222,34.083,46.278,31.332,52.433,29.221,31.716,44.403,51.75,42.374,46.143,53.288,40.259,57.241,41.827,39.344,42.164,54.197,43.18,44.313,52.825,51.602,47.777,53.769,35.223,39.449,56.288,32.464,57.415
24,Current to -50%,44.5,89,47.255,52.14,69.442,58.842,56.241,82.204,75.873,63.864,54.404,62.988,54.93,62.106,73.113,66.249,49.725,70.229,84.205,55.137,54.58,82.163,67.75,49.141,61.837,44.879,45.298,62.35,56.705,84.086,73.15,55.415,83.969,68.453,65.907,46.148,81.415,55.794,84.7,57.076,49.498,53.84,52.645,53.903,85.207,76.026,47.025,49.935,85.082,88.583,63.839,45.717,70.645,86.439,61.54,69.669,76.69,50.903,71.787,56.561,70.018,51.149,46.227,79.562,57.238,57.503,75.193,69.557,53.244,77.997,79.542,71.212,56.497,47.73,72.953,76.095,64.622,65.781,88.478,52.621,52.236,67.325,81.256,54.037,49.244,82.863,75.738,84.196,66.1,56.478,73.502,67.634,71.078,86.218,76.305,58.534,71.881,86.717,65.212,63.323,80.377,47.106,48.087,62.422,64.101,68.764,79.559,83.943,87.083,78.489,86.404,50.258,88.502,83.605,45.081,63.189,85.964,50.451,45.21,84.111,51.124,79.937,85.117,76.743,53.418,55.332,75.348,47.169,65.199,60.786,56.14,88.087,54.181,62.265,75.375,76.373,85.161,64.622,50.351,52.064,54.173,47.044,77.957,57.588,72.333,61.334,74.278,45.787,64.097,65.247,58.417,82.614,74.311,46.389,68.561,84.81,65.801,66.106,82.324,86.63,88.839,80.263,67.208,86.925,54.697,65.323,61.703,87.853,79.965,61.707,72.997,48.386,71.719,57.143,88.571,61.846,52.595,52.764,66.946,81.05,58.907,73.471,66.174,86.555,71.543,86.342,59.92,62.661,87.527,76.437,61.708,55.192,82.241,85.174,54.807,69.755,60.356,59.173,76.355,79.676,63.592,70.723,65.524,73.934,58.572,51.163,85.267,77.019,72.63,58.301,81.81,66.211,69.965,82.171,52.813,72.963,83.396,62.731,67.277,62.396,50.324,68.351,63.91,63.07,68.625,51.055,70.572,77.828,48.597,47.695,68.737,74.405,82.904,67.726,85.061,45.635,63.326,65.357,82.58,83.607,63.096,64.9,84.953,66.531,55.155,60.893,60.463,63.463,61.067,72.976,54.54,87.058
25,Current to -50%,55.5,111,103.323,82.507,58.34,79.075,96.786,93.913,75.738,109.068,92.628,85.146,74.986,94.638,104.703,92.975,75.354,79.956,90.815,82.481,78.939,103.193,109.505,77.317,83.614,64.488,99.18,97.59,61.421,91.764,104.43,85.005,65.384,91.779,69.365,85.87,69.412,68.952,78.635,68.364,69.471,95.444,91.97,62.288,59.495,86.207,56.465,86.168,58.885,80.25,73.955,97.157,82.235,109.291,88.079,96.691,93.898,82.517,62.967,101.24,58.909,72.554,62.047,78.427,104.832,55.855,59.473,96.961,103.506,103,74.328,71.5,67.363,71.88,91.195,88.251,104.199,88.435,98.208,56.203,96.527,86.284,78.782,110.628,88.219,75.04,72.496,85.939,64.067,92.905,58.013,59.18,74.299,76.467,79.225,72.903,55.56,94.558,80.071,89.835,99.792,89.064,78.981,62.563,98.763,109.113,108.374,94.011,75.316,69.686,57.063,70.296,83.858,77.8,92.766,89.661,63.07,72.499,80.968,69.745,101.634,71.763,109.835,58.717,78.281,58.132,104.156,66.441,69.191,70.307,80.509,96.238,86.989,103.125,82.603,83.14,90.508,80.504,71.167,79.179,89.837,105.455,87.372,56.739,66.876,94.934,93.645,104.168,73.663,84.047,56.537,108.876,108.324,92.039,107.107,78.552,108.388,91.017,60.753,81.616,66.943,61.084,106.966,89.961,102.722,71.161,78.238,96.247,60.633,62.968,66.765,60.233,107.355,100.576,97.458,56.303,102.644,98.972,76.047,103.886,59.787,88.695,90.924,109.264,98.328,59.341,106.109,74.762,97.939,92.271,72.856,103.342,87.391,101.234,76.554,92.572,60.422,75.763,78.46,79.316,88.045,88.034,73.967,77.739,92.964,84.976,89.394,101.825,56.244,82.17,109.107,103.49,92.127,93.487,69.156,74.603,98.728,108.701,96.842,57.983,89.85,101.064,110.828,78.168,77.492,78.593,99.569,74.556,66.843,66.031,79.747,83.638,68.075,69.303,105.139,90.09,57.813,78.148,109.665,90.874,78.241,78.709,62.569,79.709,88.388,75.705,85.056,89.928,90.138,101.156,80.845,84.885
26.RATIOEQ.20,"Same reduction, diff ref value",31,62,42.614,57.328,32.384,48.324,31.61,60.7,44.905,42.969,55.471,41.311,60.614,33.28,41.303,31.621,59.094,59.164,33.234,34.482,32.897,61.981,61.952,38.904,44.355,31.449,46.442,54.584,48.62,60.572,43.309,38.583,55.831,37.507,40.461,33.431,32.205,50.561,38.815,32.463,40.998,61.186,45.556,53.303,38.695,48.129,47.689,49.469,59.817,48.858,37.124,59.708,32.077,53.121,40.077,40.898,56.759,38.961,60.261,58.102,40.407,58.083,44.89,57.203,39.951,49.767,48.746,49.169,49.145,56.683,41.89,45.652,32.522,40.148,42.258,54.169,50.529,55.939,45.961,53.36,48.06,32.404,37.368,36.98,61.339,52.458,36.716,59.107,59.683,54.021,44.424,31.951,38.479,49.595,57.048,50.71,53.853,38.385,47.054,51.272,48.774,40.16,47.493,56.207,39.384,40.655,53.6,50.156,44.539,32.984,40.676,50.531,40.778,34.17,51.712,44.215,37.295,42.247,41.391,49.999,57.786,56.47,53.383,39.372,54.091,36.991,45.111,42.852,38.276,43.096,51.022,34.352,39.96,60.639,45.078,41.015,31.122,35.444,53.062,31.864,50.229,40.879,31.56,36.193,41.431,34.991,56.074,44.82,52.183,45.639,37.137,36.167,31.229,58.029,43.672,46.074,61.473,47.458,46.319,58.567,49.124,34.073,46.242,41.954,42.437,58.058,39.706,40.586,56.107,51.101,33.003,43.113,32.095,56.54,60.315,49.685,41.907,41.774,32.062,33.556,55.032,52.624,60.134,47.093,32.872,54.743,51.078,59.124,49.921,44.322,48.321,60.413,42.607,60.75,52.325,45.54,41.118,49.91,37.642,47.005,31.846,54.058,52.902,35.312,43.392,42.713,39.683,52.254,49.939,53.729,37.121,61.581,43.316,51.568,48.339,61.952,50.387,50.052,37.556,35.59,49.92,50.949,55.503,47.479,55.769,55.011,32.633,53.211,39.432,42.276,38.235,41.25,37.743,48.818,56.383,53.398,31.224,54.832,51.406,51.218,43.281,61.094,34.318,40.766,52.462,33.549,32.769,52.372,50.714,60.39,37.198,52.109
27.RATIOEQ.21,"Same reduction, diff ref value",31,62,60.537,59.892,39.99,44.498,36.939,38.101,36.578,56.716,42.798,34.736,55.624,40.748,54.425,37.966,37.908,41.447,37.144,40.886,35.485,33.694,45.83,37.303,52.399,33.803,59.783,31.663,51.173,46.635,31.491,58.351,58.822,42.014,41.467,32.119,57.294,46.953,31.441,41.996,41.335,57.844,59.911,39.905,32.53,44.649,56.989,43.583,59.487,38.456,51.67,60.596,46.728,44.258,48.629,58.058,54.711,35.046,48.675,33.353,39.567,49.071,57.681,59.463,43.144,54.506,38.587,58.233,61.651,51.252,59.139,50.67,49.392,35.938,45.314,48.879,56.622,57.733,50.158,51.7,33.446,59.121,42.012,59.344,58.674,56.137,51.215,37.276,34.059,53.202,57.134,58.188,60.724,38.156,50.968,33.904,37.175,61.746,47.708,43.153,45.167,31.302,56.079,47.595,32.81,36.986,52.498,36.876,35.081,33.776,39.624,50.602,54.494,48.221,58.015,35.248,46.804,57.273,46.684,51.179,57.161,59.738,49.979,40.103,47.724,32.266,55.364,50.416,45.833,40.23,55.611,50.423,56.177,31.881,44.565,34.837,61.186,31.698,55.868,51.229,38.252,58.066,40.774,55.695,57.086,53.54,54.992,36.077,41.312,36.318,38.443,34.376,42.514,57.66,51.847,31.877,60.495,36.011,33.208,36.438,44.355,40.34,59.841,47.962,56.622,54.613,32.306,44.976,42.064,41.645,45.851,41.539,57.36,45.942,46.191,43.335,48.039,43.324,60.674,35.847,38.749,49.288,36.044,59.649,40.74,48.293,41.823,40.342,35.235,42.926,42.258,34.971,59.031,38.868,45.929,31.65,54.32,40.366,43.322,43.813,31.909,45.98,48.783,36.765,41.974,46.475,44.491,32.046,44.353,34.607,46.205,58.156,55.938,34.176,58.295,53.224,33.519,31.231,39.039,57.632,55.003,32.264,31.572,34.087,52.215,53.391,51.726,41.693,60.774,39.75,56.946,41.697,58.001,52.014,60.019,60.515,53.739,47.392,52.24,49.04,56.434,40.096,32.526,40.1,51.691,51.757,36.509,57.059,31.264,53.971,40.275,49.143
28.RATIOEQ.22,"Same reduction, diff ref value",55,110,67.047,57.043,57.439,80.788,92.336,100.451,87.322,88.941,73.907,93.987,100.586,71.208,69.17,63.833,105.286,108.33,75.21,59.421,89.476,67.104,76.868,100.242,80.109,96.028,76.032,60.366,64.979,87.585,83.404,91.298,94.489,104.378,108.773,105.788,73.428,73.867,69.641,85.624,103.563,85.73,82.389,75.906,81.541,76.542,95.024,88.527,73.96,70.642,77.877,109.543,75.994,80.136,89.802,69.567,108.303,99.691,70.901,66.725,81.93,61.261,81.807,92.668,73.205,65.634,107.021,92.058,57.578,64.906,75.139,76.278,105.189,92.03,76.907,80.946,82.126,104.538,74.105,91.435,87.931,86.078,108.921,73.42,100.942,70.794,91.694,79.729,83.895,72.639,58.094,104.881,97.729,103.986,63.475,68.406,94.24,84.014,73.421,104.688,92.733,78.38,65.004,94.242,93.769,85.095,96.188,95.819,107.696,84.973,78.864,56.077,93.414,103.13,100.743,65.232,95.753,101.805,104.795,102.465,85.441,64.303,100.126,66.548,72.913,91.108,74.379,87.635,107.326,109.457,85.65,94.948,66.044,59.261,109.668,85.208,107.564,69.783,78.428,105.565,72.001,82.526,103.059,85.013,108.024,79.98,57.398,86.731,69.562,74.912,82.001,69.517,88.107,73.662,99.503,69.591,74.727,58.446,73.832,76.847,88.165,73.965,89.314,80.355,85.989,72.69,102.344,85.43,100.465,80.715,80.147,64.058,102.367,107.869,86.808,68.105,66.959,68.469,73.249,82.173,85.033,92.808,76.139,73.298,71.582,103.924,57.568,83.089,98.707,96.214,73.124,56.264,85.431,77.711,97.688,63.15,58.978,86.273,83.958,73.297,103.514,102.169,65.866,91.089,74.216,56.545,91.604,86.735,99.267,98.147,87.144,101.633,96.247,96.62,55.348,86.185,104.181,104.346,85.228,90.716,81.314,73.948,75.04,101.03,71.777,91.057,98.124,79.707,94.777,107.545,64.062,72.369,75.323,60.596,107.585,88.242,93.932,75.645,76.136,108.934,69.035,97.685,93.975,106.8,100.999,75.986,72.378,82.765,93.384,65.63,85.947,87.965
29.RATIOEQ.23,"Same reduction, diff ref value",70.5,141,127.668,86.525,78.099,123.316,132.253,97.155,78.9,135.435,129.46,117.657,130.734,87.386,128.22,135.761,85.511,112.96,133.726,132.308,139.226,108.689,81.565,92.822,137.448,96.483,112.107,120.657,97.859,99.971,106.243,118.34,131.582,78.018,134.142,122.567,115.345,125.936,128.575,94.301,108.38,74.801,94.367,73.299,135.491,100.247,106.444,131.687,103.238,73.682,140.803,136.181,80.58,113.542,129.146,72.092,127.843,95.245,104.179,137.632,74.478,130.745,108.602,126.464,131.427,128.045,136.721,127.329,86.461,108.326,77.034,108.907,108.826,81.824,84.486,76.342,115.243,121.097,110.135,119.469,116.713,81.496,98.67,95.167,70.531,91.72,125.655,138.875,125.163,78.039,121.713,140.499,89.231,78.531,110.731,121.42,134.966,134.94,106.598,117.84,109.498,126.359,135.199,82.587,102.693,112.198,139.204,135.547,91.386,135.612,93.879,124.899,127.741,101.086,98.795,78.469,113.472,86.599,132.539,110.256,100.69,74.782,128.543,77.924,138.82,73.68,127.522,72.636,99.432,112.925,112.262,86.803,70.747,93.27,87.484,115.978,120.101,82.739,122.245,73.286,76.745,134.235,75.28,110.14,122.506,87.992,84.979,114.186,107.242,130.285,120.941,104.21,92.845,99.225,105.136,105.932,126.988,74.65,109.578,71.871,77.798,123.035,74.031,83.558,76.778,82.423,86.324,102.244,79.455,112.042,80.557,76.97,95.77,111.392,92.601,98.666,117.657,79.798,128.8,125.175,80.76,81.905,126.882,99.984,91.449,109.047,120.795,73.322,130.641,134.634,85.755,134.546,101.624,140.768,106.657,131.424,113.811,87.077,132.233,102.399,90.419,129.156,135.889,129.88,140.022,78.858,136.041,79.954,140.37,98.92,97.493,116.989,90.272,106.339,123.054,112.787,94.724,82.057,114.722,88.672,126.556,127.881,120.907,117.23,82.857,112.503,76.17,127.466,71.037,77.103,107.946,125.806,103.013,112.175,129.544,97.871,139.154,101.684,95.645,102.501,131.754,104.972,107.726,128.42,125.446,116.147,130.715,85.629,95.903,136.838,78.921,139.577
30.RATIOEQ.24,"Same reduction, diff ref value",95,190,100.882,111.31,148.247,125.617,120.064,175.491,161.977,136.339,116.143,134.47,117.267,132.587,156.083,141.431,106.155,149.928,179.764,117.708,116.52,175.404,144.634,104.908,132.011,95.81,96.704,133.108,121.055,179.508,156.162,118.301,179.26,146.136,140.7,98.518,173.807,119.111,180.819,121.847,105.671,114.939,112.388,115.073,181.902,162.303,100.39,106.602,181.637,189.111,136.286,97.597,150.814,184.534,131.377,148.731,163.719,108.669,153.252,120.747,149.477,109.194,98.687,169.852,122.195,122.759,160.525,148.493,113.667,166.511,169.809,152.026,120.612,101.895,155.742,162.451,137.958,140.431,188.885,112.337,111.515,143.729,173.469,115.36,105.127,176.899,161.688,179.744,141.113,120.572,156.914,144.386,151.74,184.062,162.898,124.96,153.453,185.126,139.216,135.185,171.59,100.563,102.657,133.26,136.844,146.8,169.845,179.203,185.907,167.561,184.458,107.293,188.937,178.483,96.239,134.898,183.519,107.704,96.517,179.564,109.142,170.653,181.71,163.834,114.038,118.124,160.854,100.698,139.189,129.767,119.85,188.051,115.668,132.926,160.914,163.043,181.805,137.956,107.492,111.148,115.651,100.431,166.426,122.94,154.418,130.937,158.57,97.746,136.837,139.292,124.711,176.367,158.642,99.032,146.366,181.055,140.474,141.125,175.748,184.941,189.656,171.347,143.479,185.571,116.768,139.454,131.725,187.552,170.712,131.734,155.837,103.297,153.107,121.991,189.084,132.032,112.281,112.642,142.918,173.029,125.756,156.847,141.271,184.78,152.732,184.326,127.919,133.77,186.856,163.18,131.736,117.827,175.571,181.831,117.004,148.915,128.851,126.324,163.004,170.095,135.758,150.981,139.882,157.837,125.042,109.224,182.03,164.423,155.053,124.462,174.651,141.349,149.364,175.422,112.748,155.764,178.036,133.92,143.624,133.206,107.434,145.918,136.437,134.643,146.502,108.995,150.658,166.149,103.747,101.821,146.741,158.843,176.987,144.583,181.591,97.424,135.19,139.526,176.295,178.487,134.7,138.551,181.361,142.032,117.747,129.996,129.078,135.483,130.367,155.791,116.433,185.855
31.RATIOEQ.25,"Same reduction, diff ref value",105.5,211,196.407,156.838,110.899,150.313,183.981,178.519,143.971,207.327,176.077,161.855,142.541,179.898,199.029,176.736,143.24,151.988,172.631,156.788,150.055,196.159,208.158,146.972,158.941,122.584,188.531,185.509,116.756,174.435,198.511,161.585,124.288,174.463,131.857,163.23,131.945,131.071,149.478,129.953,132.057,181.43,174.827,118.403,113.094,163.871,107.334,163.796,111.935,152.548,140.581,184.686,156.321,207.751,167.43,183.799,178.491,156.856,119.695,192.448,111.98,137.919,117.946,149.082,199.275,106.175,113.053,184.313,196.755,195.793,141.29,135.914,128.05,136.637,173.353,167.756,198.072,168.106,186.684,106.836,183.488,164.017,149.757,210.293,167.695,142.643,137.807,163.362,121.784,176.604,110.278,112.495,141.235,145.357,150.598,138.581,105.615,179.746,152.206,170.768,189.695,169.302,150.135,118.925,187.739,207.412,206.008,178.705,143.169,132.467,108.471,133.626,159.406,147.891,176.34,170.437,119.89,137.813,153.912,132.578,193.196,136.414,208.786,111.615,148.805,110.503,197.991,126.298,131.525,133.646,153.039,182.94,165.358,196.031,157.02,158.04,172.047,153.031,135.282,150.511,170.771,200.459,166.085,107.855,127.124,180.46,178.009,198.014,140.025,159.765,107.472,206.962,205.913,174.956,203.6,149.319,206.035,173.015,115.485,155.144,127.252,116.115,203.333,171.006,195.264,135.27,148.722,182.957,115.258,119.696,126.913,114.497,204.072,191.185,185.259,107.026,195.115,188.136,144.558,197.476,113.649,168.601,172.838,207.699,186.911,112.801,201.702,142.115,186.172,175.398,138.492,196.443,166.122,192.436,145.522,175.97,114.857,144.018,149.144,150.772,167.365,167.344,140.604,147.775,176.716,161.53,169.928,193.559,106.914,156.197,207.401,196.724,175.124,177.709,131.459,141.814,187.672,206.63,184.087,110.221,170.795,192.113,210.673,148.589,147.305,149.398,189.271,141.723,127.062,125.518,151.592,158.987,129.403,131.738,199.858,171.252,109.897,148.551,208.462,172.742,148.728,149.618,118.937,151.518,168.016,143.909,161.682,170.944,171.344,192.287,153.679,161.357
32.RATIOEQ.20,"Same reduction, diff ref value",13,26,17.87,24.041,13.58,20.265,13.256,25.455,18.831,18.019,23.262,17.324,25.419,13.956,17.321,13.26,24.781,24.811,13.937,14.46,13.795,25.992,25.98,16.315,18.6,13.188,19.476,22.89,20.389,25.401,18.162,16.18,23.413,15.729,16.968,14.019,13.505,21.203,16.277,13.613,17.193,25.659,19.104,22.353,16.227,20.183,19.999,20.745,25.084,20.489,15.568,25.039,13.451,22.277,16.806,17.151,23.802,16.339,25.271,24.365,16.945,24.357,18.825,23.988,16.753,20.87,20.442,20.619,20.609,23.77,17.567,19.144,13.638,16.836,17.721,22.716,21.189,23.458,19.274,22.377,20.154,13.589,15.671,15.508,25.723,21.999,15.397,24.787,25.028,22.654,18.629,13.399,16.136,20.798,23.924,21.266,22.583,16.097,19.732,21.501,20.454,16.841,19.917,23.571,16.516,17.049,22.477,21.033,18.678,13.832,17.058,21.191,17.1,14.329,21.686,18.542,15.64,17.717,17.358,20.967,24.233,23.681,22.387,16.511,22.683,15.512,18.918,17.97,16.051,18.072,21.396,14.406,16.757,25.429,18.904,17.2,13.051,14.863,22.252,13.362,21.064,17.143,13.235,15.178,17.374,14.674,23.515,18.796,21.883,19.139,15.574,15.167,13.096,24.335,18.314,19.321,25.779,19.902,19.424,24.56,20.601,14.289,19.392,17.594,17.796,24.347,16.651,17.02,23.529,21.429,13.84,18.08,13.459,23.71,25.293,20.836,17.574,17.518,13.445,14.072,23.078,22.068,25.218,19.749,13.785,22.957,21.42,24.794,20.935,18.587,20.264,25.334,17.867,25.476,21.943,19.097,17.243,20.93,15.785,19.712,13.355,22.67,22.185,14.808,18.197,17.912,16.641,21.913,20.942,22.532,15.567,25.824,18.165,21.625,20.271,25.98,21.13,20.989,15.749,14.925,20.934,21.366,23.276,19.911,23.387,23.069,13.685,22.314,16.536,17.729,16.034,17.298,15.828,20.472,23.645,22.393,13.094,22.994,21.557,21.478,18.15,25.62,14.391,17.095,22,14.069,13.742,21.963,21.267,25.325,15.599,21.852
33.RATIOEQ.21,"Same reduction, diff ref value",13,26,25.386,25.116,16.77,18.661,15.49,15.978,15.339,23.784,17.947,14.567,23.326,17.088,22.823,15.921,15.897,17.381,15.576,17.146,14.881,14.13,19.219,15.643,21.974,14.175,25.07,13.278,21.46,19.557,13.206,24.47,24.667,17.619,17.389,13.469,24.027,19.69,13.185,17.611,17.334,24.257,25.124,16.734,13.642,18.724,23.898,18.277,24.946,16.127,21.668,25.411,19.596,18.56,20.393,24.347,22.943,14.697,20.412,13.987,16.592,20.578,24.189,24.936,18.093,22.857,16.182,24.42,25.854,21.493,24.8,21.249,20.713,15.071,19.002,20.498,23.745,24.211,21.034,21.681,14.026,24.793,17.618,24.886,24.605,23.541,21.477,15.632,14.283,22.31,23.96,24.401,25.465,16.001,21.374,14.218,15.589,25.893,20.006,18.096,18.941,13.127,23.517,19.959,13.759,15.51,22.015,15.464,14.711,14.164,16.616,21.22,22.852,20.222,24.329,14.781,19.627,24.018,19.577,21.462,23.971,25.052,20.959,16.818,20.013,13.531,23.217,21.142,19.22,16.87,23.321,21.145,23.558,13.37,18.688,14.609,25.659,13.293,23.429,21.483,16.041,24.35,17.099,23.356,23.939,22.452,23.061,15.129,17.324,15.23,16.121,14.416,17.828,24.18,21.742,13.368,25.369,15.101,13.926,15.28,18.601,16.917,25.095,20.113,23.745,22.902,13.548,18.861,17.64,17.464,19.228,17.419,24.054,19.266,19.37,18.173,20.146,18.168,25.444,15.032,16.249,20.669,15.115,25.014,17.085,20.252,17.539,16.917,14.776,18.001,17.721,14.665,24.755,16.299,19.261,13.272,22.779,16.928,18.167,18.373,13.381,19.282,20.457,15.417,17.602,19.489,18.657,13.439,18.6,14.513,19.376,24.388,23.458,14.332,24.446,22.32,14.056,13.097,16.371,24.168,23.066,13.53,13.24,14.294,21.897,22.39,21.692,17.484,25.486,16.669,23.881,17.486,24.323,21.812,25.169,25.377,22.536,19.874,21.907,20.565,23.666,16.815,13.64,16.816,21.677,21.704,15.31,23.928,13.111,22.633,16.889,20.608
34.RATIOEQ.22,"Same reduction, diff ref value",19.5,39,23.771,20.224,20.365,28.643,32.737,35.615,30.96,31.534,26.204,33.323,35.662,25.246,24.524,22.632,37.329,38.408,26.665,21.068,31.723,23.791,27.253,35.54,28.402,34.046,26.957,21.402,23.038,31.053,29.571,32.369,33.501,37.007,38.565,37.507,26.033,26.189,24.691,30.358,36.718,30.395,29.211,26.912,28.91,27.138,33.69,31.387,26.222,25.046,27.611,38.838,26.943,28.412,31.839,24.665,38.398,35.345,25.138,23.657,29.048,21.72,29.004,32.855,25.954,23.27,37.944,32.639,20.414,23.012,26.64,27.044,37.294,32.629,27.267,28.699,29.117,37.063,26.274,32.418,31.175,30.519,38.618,26.031,35.788,25.1,32.51,28.268,29.745,25.754,20.597,37.185,34.649,36.868,22.505,24.253,33.412,29.787,26.031,37.117,32.878,27.789,23.047,33.413,33.245,30.17,34.103,33.972,38.183,30.127,27.961,19.882,33.12,36.564,35.718,23.128,33.949,36.095,37.154,36.328,30.293,22.798,35.499,23.594,25.851,32.302,26.371,31.07,38.052,38.808,30.367,33.663,23.416,21.011,38.882,30.21,38.136,24.741,27.806,37.427,25.528,29.259,36.539,30.141,38.299,28.356,20.35,30.75,24.663,26.56,29.073,24.647,31.238,26.117,35.278,24.673,26.494,20.722,26.177,27.246,31.259,26.224,31.666,28.49,30.487,25.772,36.286,30.289,35.619,28.617,28.416,22.711,36.294,38.244,30.777,24.146,23.74,24.275,25.97,29.134,30.148,32.905,26.995,25.987,25.379,36.846,20.41,29.459,34.996,34.112,25.926,19.948,30.289,27.552,34.635,22.39,20.91,30.588,29.767,25.987,36.701,36.224,23.353,32.295,26.313,20.048,32.478,30.751,35.195,34.797,30.896,36.033,34.124,34.256,19.623,30.556,36.937,36.996,30.217,32.163,28.829,26.218,26.605,35.82,25.448,32.284,34.789,28.26,33.603,38.13,22.713,25.658,26.705,21.484,38.144,31.286,33.303,26.82,26.994,38.622,24.476,34.634,33.318,37.865,35.809,26.941,25.661,29.344,33.109,23.269,30.472,31.187
35.RATIOEQ.23,"Same reduction, diff ref value",29,58,52.516,35.592,32.126,50.726,54.402,39.964,32.455,55.711,53.253,48.398,53.777,35.946,52.743,55.845,35.175,46.466,55.008,54.425,57.27,44.709,33.551,38.182,56.539,39.688,46.115,49.632,40.254,41.123,43.703,48.679,54.126,32.093,55.179,50.418,47.447,51.804,52.889,38.791,44.582,30.769,38.817,30.151,55.734,41.236,43.786,54.169,42.467,30.309,57.919,56.018,33.146,46.705,53.124,29.655,52.588,39.179,42.854,56.615,30.636,53.782,44.673,52.021,54.062,52.671,56.24,52.377,35.565,44.56,31.688,44.799,44.765,33.658,34.753,31.403,47.405,49.813,45.304,49.143,48.01,33.523,40.588,39.147,29.013,37.729,51.688,57.126,51.486,32.101,50.066,57.794,36.705,32.303,45.549,49.946,55.518,55.507,43.849,48.473,45.042,51.977,55.614,33.972,42.243,46.152,57.261,55.757,37.592,55.784,38.617,51.377,52.546,41.581,40.639,32.278,46.676,35.622,54.52,45.354,41.419,30.761,52.876,32.054,57.103,30.308,52.456,29.879,40.901,46.451,46.179,35.706,29.102,38.366,35.986,47.707,49.403,34.034,50.285,30.146,31.569,55.217,30.966,45.306,50.392,36.195,34.956,46.97,44.114,53.593,49.749,42.867,38.192,40.816,43.247,43.575,52.236,30.707,45.075,29.564,32.002,50.61,30.453,34.371,31.583,33.905,35.509,42.058,32.684,46.088,33.137,31.661,39.395,45.821,38.091,40.586,48.398,32.825,52.982,51.49,33.221,33.691,52.193,41.128,37.617,44.856,49.689,30.161,53.739,55.381,35.275,55.345,41.803,57.905,43.873,54.061,46.816,35.819,54.394,42.122,37.193,53.128,55.898,53.426,57.598,32.438,55.96,32.889,57.741,40.69,40.104,48.123,37.133,43.742,50.618,46.394,38.964,33.754,47.191,36.475,52.058,52.604,49.735,48.222,34.083,46.278,31.332,52.433,29.221,31.716,44.403,51.75,42.374,46.143,53.288,40.259,57.241,41.827,39.344,42.164,54.197,43.18,44.313,52.825,51.602,47.777,53.769,35.223,39.449,56.288,32.464,57.415
36.RATIOEQ.24,"Same reduction, diff ref value",44.5,89,47.255,52.14,69.442,58.842,56.241,82.204,75.873,63.864,54.404,62.988,54.93,62.106,73.113,66.249,49.725,70.229,84.205,55.137,54.58,82.163,67.75,49.141,61.837,44.879,45.298,62.35,56.705,84.086,73.15,55.415,83.969,68.453,65.907,46.148,81.415,55.794,84.7,57.076,49.498,53.84,52.645,53.903,85.207,76.026,47.025,49.935,85.082,88.583,63.839,45.717,70.645,86.439,61.54,69.669,76.69,50.903,71.787,56.561,70.018,51.149,46.227,79.562,57.238,57.503,75.193,69.557,53.244,77.997,79.542,71.212,56.497,47.73,72.953,76.095,64.622,65.781,88.478,52.621,52.236,67.325,81.256,54.037,49.244,82.863,75.738,84.196,66.1,56.478,73.502,67.634,71.078,86.218,76.305,58.534,71.881,86.717,65.212,63.323,80.377,47.106,48.087,62.422,64.101,68.764,79.559,83.943,87.083,78.489,86.404,50.258,88.502,83.605,45.081,63.189,85.964,50.451,45.21,84.111,51.124,79.937,85.117,76.743,53.418,55.332,75.348,47.169,65.199,60.786,56.14,88.087,54.181,62.265,75.375,76.373,85.161,64.622,50.351,52.064,54.173,47.044,77.957,57.588,72.333,61.334,74.278,45.787,64.097,65.247,58.417,82.614,74.311,46.389,68.561,84.81,65.801,66.106,82.324,86.63,88.839,80.263,67.208,86.925,54.697,65.323,61.703,87.853,79.965,61.707,72.997,48.386,71.719,57.143,88.571,61.846,52.595,52.764,66.946,81.05,58.907,73.471,66.174,86.555,71.543,86.342,59.92,62.661,87.527,76.437,61.708,55.192,82.241,85.174,54.807,69.755,60.356,59.173,76.355,79.676,63.592,70.723,65.524,73.934,58.572,51.163,85.267,77.019,72.63,58.301,81.81,66.211,69.965,82.171,52.813,72.963,83.396,62.731,67.277,62.396,50.324,68.351,63.91,63.07,68.625,51.055,70.572,77.828,48.597,47.695,68.737,74.405,82.904,67.726,85.061,45.635,63.326,65.357,82.58,83.607,63.096,64.9,84.953,66.531,55.155,60.893,60.463,63.463,61.067,72.976,54.54,87.058
37.RATIOEQ.25,"Same reduction, diff ref value",55.5,111,103.323,82.507,58.34,79.075,96.786,93.913,75.738,109.068,92.628,85.146,74.986,94.638,104.703,92.975,75.354,79.956,90.815,82.481,78.939,103.193,109.505,77.317,83.614,64.488,99.18,97.59,61.421,91.764,104.43,85.005,65.384,91.779,69.365,85.87,69.412,68.952,78.635,68.364,69.471,95.444,91.97,62.288,59.495,86.207,56.465,86.168,58.885,80.25,73.955,97.157,82.235,109.291,88.079,96.691,93.898,82.517,62.967,101.24,58.909,72.554,62.047,78.427,104.832,55.855,59.473,96.961,103.506,103,74.328,71.5,67.363,71.88,91.195,88.251,104.199,88.435,98.208,56.203,96.527,86.284,78.782,110.628,88.219,75.04,72.496,85.939,64.067,92.905,58.013,59.18,74.299,76.467,79.225,72.903,55.56,94.558,80.071,89.835,99.792,89.064,78.981,62.563,98.763,109.113,108.374,94.011,75.316,69.686,57.063,70.296,83.858,77.8,92.766,89.661,63.07,72.499,80.968,69.745,101.634,71.763,109.835,58.717,78.281,58.132,104.156,66.441,69.191,70.307,80.509,96.238,86.989,103.125,82.603,83.14,90.508,80.504,71.167,79.179,89.837,105.455,87.372,56.739,66.876,94.934,93.645,104.168,73.663,84.047,56.537,108.876,108.324,92.039,107.107,78.552,108.388,91.017,60.753,81.616,66.943,61.084,106.966,89.961,102.722,71.161,78.238,96.247,60.633,62.968,66.765,60.233,107.355,100.576,97.458,56.303,102.644,98.972,76.047,103.886,59.787,88.695,90.924,109.264,98.328,59.341,106.109,74.762,97.939,92.271,72.856,103.342,87.391,101.234,76.554,92.572,60.422,75.763,78.46,79.316,88.045,88.034,73.967,77.739,92.964,84.976,89.394,101.825,56.244,82.17,109.107,103.49,92.127,93.487,69.156,74.603,98.728,108.701,96.842,57.983,89.85,101.064,110.828,78.168,77.492,78.593,99.569,74.556,66.843,66.031,79.747,83.638,68.075,69.303,105.139,90.09,57.813,78.148,109.665,90.874,78.241,78.709,62.569,79.709,88.388,75.705,85.056,89.928,90.138,101.156,80.845,84.885
39,0 to 100% of households,0,100,37.405,86.102,24.986,57.526,90.186,99.88,84.329,2.317,26.733,33.799,50.985,7.504,2.279,10.62,59.692,88.886,87.365,5.05,73.725,84.135,6.162,52.666,5.659,11.191,76.334,97.528,74.617,51.684,20.616,62.581,38.034,7.72,94.598,20.35,92.296,64.335,11.281,85.015,27.94,10.634,83.635,26.235,28.312,61.787,98.971,45.208,51.965,58.301,38.941,76.502,1.875,60.465,84.94,61.545,62.285,84.057,77.707,93.231,20.251,48.494,85.96,98.961,63.005,17.343,89.089,54.389,71.956,7.822,45.674,55.38,28.902,50.677,6.838,47.741,62.82,44.351,13.734,11.918,26.435,78.468,4.785,78.765,11.51,30.67,27.14,11.867,44.628,76.79,93.633,7.568,51.461,44.509,52.223,76.451,2.466,73.127,90.141,93.799,11.073,42.904,90.689,52.33,72.145,30.715,51.207,8.89,1.441,93.701,69.303,86.188,92.067,38.221,20.406,36.908,6.389,40.04,5.387,66.221,56.365,46.642,40.923,24.502,77.52,92.867,31.213,78.699,88.787,60.98,21.209,19.122,32.474,52.716,19.942,82.213,93.854,68.518,69.16,36.514,19.76,67.74,76.585,47.34,93.002,92.944,29.913,69.447,87.792,60.103,16.946,3.893,6.964,5.908,46.116,17.76,19.502,85.805,40.497,83.474,59.716,36.277,40.915,6.583,82.207,48.53,8.832,5.219,47.263,61.845,78.256,32.988,67.31,43.129,99.01,69.575,18.066,89.382,34.131,47.304,38.811,80.054,90.152,79.636,27.456,22.631,60.798,22.015,71.279,27.748,42.751,28.968,45.09,67.335,2.759,84.52,96.263,61.349,39.076,57.187,34.559,49.974,61.525,91.251,5.403,20.894,52.063,42.72,39.703,27.118,5.84,64.357,45.638,19.184,1.046,55.758,51.43,35.175,84.683,43.985,3.404,29.586,80.962,7.88,1.264,56.016,68.473,8.368,53.527,20.069,63.053,64.082,5.198,80.354,81.201,72.126,99.819,29.297,51.312,25.414,46.336,84.757,71.77,63.551,53.382,49.662,80.291,46.835,64.781,47.277,90.168,26.532
SYNCOM.39,0 to 100% of households,0,100,62.595,13.898,75.014,42.474,9.814,0.12,15.671,97.683,73.267,66.201,49.015,92.496,97.721,89.38,40.308,11.114,12.635,94.95,26.275,15.865,93.838,47.334,94.341,88.809,23.666,2.472,25.383,48.316,79.384,37.419,61.966,92.28,5.402,79.65,7.704,35.665,88.719,14.985,72.06,89.366,16.365,73.765,71.688,38.213,1.029,54.792,48.035,41.699,61.059,23.498,98.125,39.535,15.06,38.455,37.715,15.943,22.293,6.769,79.749,51.506,14.04,1.039,36.995,82.657,10.911,45.611,28.044,92.178,54.326,44.62,71.098,49.323,93.162,52.259,37.18,55.649,86.266,88.082,73.565,21.532,95.215,21.235,88.49,69.33,72.86,88.133,55.372,23.21,6.367,92.432,48.539,55.491,47.777,23.549,97.534,26.873,9.859,6.201,88.927,57.096,9.311,47.67,27.855,69.285,48.793,91.11,98.559,6.299,30.697,13.812,7.933,61.779,79.594,63.092,93.611,59.96,94.613,33.779,43.635,53.358,59.077,75.498,22.48,7.133,68.787,21.301,11.213,39.02,78.791,80.878,67.526,47.284,80.058,17.787,6.146,31.482,30.84,63.486,80.24,32.26,23.415,52.66,6.998,7.056,70.087,30.553,12.208,39.897,83.054,96.107,93.036,94.092,53.884,82.24,80.498,14.195,59.503,16.526,40.284,63.723,59.085,93.417,17.793,51.47,91.168,94.781,52.737,38.155,21.744,67.012,32.69,56.871,0.99,30.425,81.934,10.618,65.869,52.696,61.189,19.946,9.848,20.364,72.544,77.369,39.202,77.985,28.721,72.252,57.249,71.032,54.91,32.665,97.241,15.48,3.737,38.651,60.924,42.813,65.441,50.026,38.475,8.749,94.597,79.106,47.937,57.28,60.297,72.882,94.16,35.643,54.362,80.816,98.954,44.242,48.57,64.825,15.317,56.015,96.596,70.414,19.038,92.12,98.736,43.984,31.527,91.632,46.473,79.931,36.947,35.918,94.802,19.646,18.799,27.874,0.181,70.703,48.688,74.586,53.664,15.243,28.23,36.449,46.618,50.338,19.709,53.165,35.219,52.723,9.832,73.468
SYN.20,% of SYNCOM.39,0,SYNCOM.39,48.645,11.891,29.884,38.697,2.719,0.032,6.25,48.877,3.635,65.288,0,0,0,0,0,0,0,0,0,0,0,0,0,0,0,0,0,0,0,0,0,0,0,0,0,0,0,0,0,0,0,0,0,0,0,0,0,0,0,0,0,0,0,0,0,0,0,0,0,0,0,0,0,0,0,0,0,0,0,0,0,0,0,0,0,0,0,0,0,0,0,0,0,0,0,0,0,0,0,0,0,0,0,0,0,0,0,0,0,0,0,0,0,0,0,0,0,0,0,0,0,0,0,0,0,0,0,0,0,0,0,0,0,0,0,0,0,0,0,0,0,0,0,0,0,0,0,0,0,0,0,0,0,0,0,0,0,0,0,0,0,0,0,0,0,0,0,0,0,0,0,0,0,0,0,0,0,0,0,0,0,0,0,0,0,0,0,0,0,0,0,0,0,0,0,0,0,0,0,0,0,0,0,0,0,0,0,0,0,0,0,0,0,0,0,0,0,0,0,0,0,0,0,0,0,0,0,0,0,0,0,0,0,0,0,0,0,0,0,0,0,0,0,0,0,0,0,0,0,0,0,0,0,0,0,0,0,0,0,0
SYN.21,% of SYN.20,0,SYN.20,43.276,7.897,4.078,7.602,2.309,0.001,0.74,18.883,2.73,58.025,0,0,0,0,0,0,0,0,0,0,0,0,0,0,0,0,0,0,0,0,0,0,0,0,0,0,0,0,0,0,0,0,0,0,0,0,0,0,0,0,0,0,0,0,0,0,0,0,0,0,0,0,0,0,0,0,0,0,0,0,0,0,0,0,0,0,0,0,0,0,0,0,0,0,0,0,0,0,0,0,0,0,0,0,0,0,0,0,0,0,0,0,0,0,0,0,0,0,0,0,0,0,0,0,0,0,0,0,0,0,0,0,0,0,0,0,0,0,0,0,0,0,0,0,0,0,0,0,0,0,0,0,0,0,0,0,0,0,0,0,0,0,0,0,0,0,0,0,0,0,0,0,0,0,0,0,0,0,0,0,0,0,0,0,0,0,0,0,0,0,0,0,0,0,0,0,0,0,0,0,0,0,0,0,0,0,0,0,0,0,0,0,0,0,0,0,0,0,0,0,0,0,0,0,0,0,0,0,0,0,0,0,0,0,0,0,0,0,0,0,0,0,0,0,0,0,0,0,0,0,0,0,0,0,0,0,0,0,0,0
44.COM.47,COM of 47,0,SYN.21,23.487,3.491,2.48,5.018,0.84,0.001,0.715,10.401,2.034,21.526,0,0,0,0,0,0,0,0,0,0,0,0,0,0,0,0,0,0,0,0,0,0,0,0,0,0,0,0,0,0,0,0,0,0,0,0,0,0,0,0,0,0,0,0,0,0,0,0,0,0,0,0,0,0,0,0,0,0,0,0,0,0,0,0,0,0,0,0,0,0,0,0,0,0,0,0,0,0,0,0,0,0,0,0,0,0,0,0,0,0,0,0,0,0,0,0,0,0,0,0,0,0,0,0,0,0,0,0,0,0,0,0,0,0,0,0,0,0,0,0,0,0,0,0,0,0,0,0,0,0,0,0,0,0,0,0,0,0,0,0,0,0,0,0,0,0,0,0,0,0,0,0,0,0,0,0,0,0,0,0,0,0,0,0,0,0,0,0,0,0,0,0,0,0,0,0,0,0,0,0,0,0,0,0,0,0,0,0,0,0,0,0,0,0,0,0,0,0,0,0,0,0,0,0,0,0,0,0,0,0,0,0,0,0,0,0,0,0,0,0,0,0,0,0,0,0,0,0,0,0,0,0,0,0,0,0,0,0,0,0
45.COM.SYN.21,COM of SYN.21,0,SYN.20,5.369,3.995,25.806,31.095,0.411,0.03,5.51,29.994,0.905,7.263,0,0,0,0,0,0,0,0,0,0,0,0,0,0,0,0,0,0,0,0,0,0,0,0,0,0,0,0,0,0,0,0,0,0,0,0,0,0,0,0,0,0,0,0,0,0,0,0,0,0,0,0,0,0,0,0,0,0,0,0,0,0,0,0,0,0,0,0,0,0,0,0,0,0,0,0,0,0,0,0,0,0,0,0,0,0,0,0,0,0,0,0,0,0,0,0,0,0,0,0,0,0,0,0,0,0,0,0,0,0,0,0,0,0,0,0,0,0,0,0,0,0,0,0,0,0,0,0,0,0,0,0,0,0,0,0,0,0,0,0,0,0,0,0,0,0,0,0,0,0,0,0,0,0,0,0,0,0,0,0,0,0,0,0,0,0,0,0,0,0,0,0,0,0,0,0,0,0,0,0,0,0,0,0,0,0,0,0,0,0,0,0,0,0,0,0,0,0,0,0,0,0,0,0,0,0,0,0,0,0,0,0,0,0,0,0,0,0,0,0,0,0,0,0,0,0,0,0,0,0,0,0,0,0,0,0,0,0,0,0
47,% of SYN.21,0,SYN.21,19.789,4.405,1.598,2.584,1.469,0.001,0.025,8.482,0.696,36.499,0,0,0,0,0,0,0,0,0,0,0,0,0,0,0,0,0,0,0,0,0,0,0,0,0,0,0,0,0,0,0,0,0,0,0,0,0,0,0,0,0,0,0,0,0,0,0,0,0,0,0,0,0,0,0,0,0,0,0,0,0,0,0,0,0,0,0,0,0,0,0,0,0,0,0,0,0,0,0,0,0,0,0,0,0,0,0,0,0,0,0,0,0,0,0,0,0,0,0,0,0,0,0,0,0,0,0,0,0,0,0,0,0,0,0,0,0,0,0,0,0,0,0,0,0,0,0,0,0,0,0,0,0,0,0,0,0,0,0,0,0,0,0,0,0,0,0,0,0,0,0,0,0,0,0,0,0,0,0,0,0,0,0,0,0,0,0,0,0,0,0,0,0,0,0,0,0,0,0,0,0,0,0,0,0,0,0,0,0,0,0,0,0,0,0,0,0,0,0,0,0,0,0,0,0,0,0,0,0,0,0,0,0,0,0,0,0,0,0,0,0,0,0,0,0,0,0,0,0,0,0,0,0,0,0,0,0,0,0,0
SYNCOM.SYN.20,COM of SYN.20,0,SYNCOM.39,13.95,2.006,45.13,3.777,7.095,0.088,9.421,48.806,69.632,0.913,49.015,92.496,97.721,89.38,40.308,11.114,12.635,94.95,26.275,15.865,93.838,47.334,94.341,88.809,23.666,2.472,25.383,48.316,79.384,37.419,61.966,92.28,5.402,79.65,7.704,35.665,88.719,14.985,72.06,89.366,16.365,73.765,71.688,38.213,1.029,54.792,48.035,41.699,61.059,23.498,98.125,39.535,15.06,38.455,37.715,15.943,22.293,6.769,79.749,51.506,14.04,1.039,36.995,82.657,10.911,45.611,28.044,92.178,54.326,44.62,71.098,49.323,93.162,52.259,37.18,55.649,86.266,88.082,73.565,21.532,95.215,21.235,88.49,69.33,72.86,88.133,55.372,23.21,6.367,92.432,48.539,55.491,47.777,23.549,97.534,26.873,9.859,6.201,88.927,57.096,9.311,47.67,27.855,69.285,48.793,91.11,98.559,6.299,30.697,13.812,7.933,61.779,79.594,63.092,93.611,59.96,94.613,33.779,43.635,53.358,59.077,75.498,22.48,7.133,68.787,21.301,11.213,39.02,78.791,80.878,67.526,47.284,80.058,17.787,6.146,31.482,30.84,63.486,80.24,32.26,23.415,52.66,6.998,7.056,70.087,30.553,12.208,39.897,83.054,96.107,93.036,94.092,53.884,82.24,80.498,14.195,59.503,16.526,40.284,63.723,59.085,93.417,17.793,51.47,91.168,94.781,52.737,38.155,21.744,67.012,32.69,56.871,0.99,30.425,81.934,10.618,65.869,52.696,61.189,19.946,9.848,20.364,72.544,77.369,39.202,77.985,28.721,72.252,57.249,71.032,54.91,32.665,97.241,15.48,3.737,38.651,60.924,42.813,65.441,50.026,38.475,8.749,94.597,79.106,47.937,57.28,60.297,72.882,94.16,35.643,54.362,80.816,98.954,44.242,48.57,64.825,15.317,56.015,96.596,70.414,19.038,92.12,98.736,43.984,31.527,91.632,46.473,79.931,36.947,35.918,94.802,19.646,18.799,27.874,0.181,70.703,48.688,74.586,53.664,15.243,28.23,36.449,46.618,50.338,19.709,53.165,35.219,52.723,9.832,73.468
51,% of SYNCOM.SYN.20,0,SYNCOM.SYN.20,2.857,0.521,21.04,2.376,6.568,0.031,5.616,1.094,2.317,0.625,40.822,67.464,11.112,71.547,25.007,8.958,11.388,87.518,14.466,4.042,21.088,20.643,16.353,23.909,12.019,1.351,21.322,37.817,58.764,2.418,57.772,76.947,1.208,64.269,3.649,23.532,52.452,0.402,45.274,72.226,1.802,44.935,21.237,31.349,0.614,31.5,22.791,12.571,5.86,20.994,80.436,32.788,6.53,8.049,32.243,10.217,19.097,5.395,62.176,11.878,5.936,0.593,5.972,66.893,3.944,19.329,12.874,31.298,43.475,41.9,7.71,38.57,61.494,36.965,2.564,18.02,32.889,44.007,13.982,15.832,29.475,6.858,61.186,66.058,34.981,51.941,54.71,5.447,1.514,31.917,12.365,25.905,34.026,8.853,50.235,7.935,5.275,3.763,64.117,15.225,8.245,19.822,7.336,16.734,12.027,46.296,4.628,0.45,1.474,13.693,2.556,7.093,67.983,53.367,35.184,2.297,44.522,18.874,22.071,4.689,47.318,8.169,21.684,3.601,26.375,10.209,7.707,37.628,53.696,5.123,54.727,17.526,69.252,10.856,2.798,17.106,5.052,6.997,60.324,16.298,3.546,24.949,4.64,1.034,45.116,3.299,7.563,0.416,22.898,87.985,41.175,60.163,3.968,42.772,35.383,13.074,42.496,2.004,23.264,26.07,20.873,59.882,15.235,21.981,11.013,47.74,1.118,33.671,12.659,65.896,24.517,56.627,0.839,23.403,62.082,10.473,29.699,38.282,55.372,19.159,9.306,9.91,48.011,16.372,17.753,22.292,0.855,19.028,33.147,54.376,16.259,5.201,72.577,10.728,1.196,19.78,51.189,34.546,44.296,42.853,26.586,2.243,77.37,25.224,1.266,51.805,47.713,11.074,5.823,34.376,8.706,42.866,77.394,41.12,17.977,61.934,5.521,20.709,89.222,23.367,3.643,66.981,10.526,12.109,30.753,83.014,11.613,10.978,21.428,14.714,67.475,10.909,7.359,15.91,0.038,11.844,14.104,3.678,0.526,4.039,27.253,33.864,28.002,5.856,16.741,23.797,26.694,5.104,9.034,0.795
52.COM.51,COM of 51,0,SYNCOM.SYN.20,11.092,1.486,24.09,1.401,0.527,0.057,3.804,47.712,67.315,0.288,8.193,25.032,86.61,17.834,15.301,2.156,1.247,7.432,11.809,11.823,72.75,26.691,77.988,64.9,11.647,1.122,4.06,10.499,20.62,35,4.193,15.334,4.193,15.381,4.056,12.133,36.266,14.584,26.786,17.14,14.564,28.83,50.45,6.864,0.415,23.292,25.245,29.128,55.199,2.505,17.69,6.747,8.53,30.406,5.472,5.725,3.196,1.374,17.573,39.628,8.104,0.445,31.023,15.764,6.967,26.282,15.17,60.879,10.851,2.72,63.388,10.753,31.669,15.295,34.616,37.629,53.377,44.075,59.583,5.7,65.74,14.377,27.304,3.272,37.88,36.191,0.662,17.763,4.852,60.515,36.174,29.586,13.751,14.696,47.299,18.937,4.584,2.438,24.81,41.87,1.066,27.847,20.518,52.551,36.766,44.814,93.931,5.849,29.223,0.119,5.377,54.686,11.611,9.724,58.427,57.663,50.09,14.905,21.564,48.669,11.759,67.329,0.796,3.532,42.412,11.091,3.506,1.392,25.095,75.755,12.799,29.758,10.806,6.931,3.348,14.376,25.787,56.489,19.916,15.962,19.869,27.712,2.358,6.023,24.971,27.254,4.645,39.481,60.157,8.122,51.861,33.929,49.916,39.468,45.115,1.121,17.007,14.522,17.02,37.652,38.212,33.534,2.558,29.489,80.155,47.041,51.619,4.484,9.085,1.116,8.173,0.244,0.151,7.022,19.852,0.145,36.17,14.414,5.817,0.787,0.542,10.454,24.533,60.996,21.45,55.693,27.865,53.224,24.102,16.656,38.651,27.464,24.664,4.751,2.541,18.871,9.735,8.267,21.144,7.173,11.889,6.506,17.227,53.883,46.671,5.475,12.584,61.808,88.337,1.267,45.656,37.95,21.56,3.122,30.593,2.891,9.796,35.306,7.374,47.047,15.395,25.139,88.21,31.875,0.774,8.618,34.86,68.953,15.519,21.204,27.327,8.737,11.44,11.963,0.142,58.86,34.584,70.908,53.138,11.204,0.977,2.585,18.616,44.481,2.968,29.368,8.525,47.619,0.798,72.672
56.EQ.45.COM.SYN.21,EQ to 45.COM.SYN.21,0,SYN.20,5.369,3.995,25.806,31.095,0.411,0.03,5.51,29.994,0.905,7.263,0,0,0,0,0,0,0,0,0,0,0,0,0,0,0,0,0,0,0,0,0,0,0,0,0,0,0,0,0,0,0,0,0,0,0,0,0,0,0,0,0,0,0,0,0,0,0,0,0,0,0,0,0,0,0,0,0,0,0,0,0,0,0,0,0,0,0,0,0,0,0,0,0,0,0,0,0,0,0,0,0,0,0,0,0,0,0,0,0,0,0,0,0,0,0,0,0,0,0,0,0,0,0,0,0,0,0,0,0,0,0,0,0,0,0,0,0,0,0,0,0,0,0,0,0,0,0,0,0,0,0,0,0,0,0,0,0,0,0,0,0,0,0,0,0,0,0,0,0,0,0,0,0,0,0,0,0,0,0,0,0,0,0,0,0,0,0,0,0,0,0,0,0,0,0,0,0,0,0,0,0,0,0,0,0,0,0,0,0,0,0,0,0,0,0,0,0,0,0,0,0,0,0,0,0,0,0,0,0,0,0,0,0,0,0,0,0,0,0,0,0,0,0,0,0,0,0,0,0,0,0,0,0,0,0,0,0,0,0,0
57.EQ.SYN.21,EQ to SYN.21,0,SYN.20,43.276,7.897,4.078,7.602,2.309,0.001,0.74,18.883,2.73,58.025,0,0,0,0,0,0,0,0,0,0,0,0,0,0,0,0,0,0,0,0,0,0,0,0,0,0,0,0,0,0,0,0,0,0,0,0,0,0,0,0,0,0,0,0,0,0,0,0,0,0,0,0,0,0,0,0,0,0,0,0,0,0,0,0,0,0,0,0,0,0,0,0,0,0,0,0,0,0,0,0,0,0,0,0,0,0,0,0,0,0,0,0,0,0,0,0,0,0,0,0,0,0,0,0,0,0,0,0,0,0,0,0,0,0,0,0,0,0,0,0,0,0,0,0,0,0,0,0,0,0,0,0,0,0,0,0,0,0,0,0,0,0,0,0,0,0,0,0,0,0,0,0,0,0,0,0,0,0,0,0,0,0,0,0,0,0,0,0,0,0,0,0,0,0,0,0,0,0,0,0,0,0,0,0,0,0,0,0,0,0,0,0,0,0,0,0,0,0,0,0,0,0,0,0,0,0,0,0,0,0,0,0,0,0,0,0,0,0,0,0,0,0,0,0,0,0,0,0,0,0,0,0,0,0,0,0,0,0,0,0
59.EQ.39+(SYNCOM.39*SYNCOM.SYN.20),39 plus SYNCOM.SYN.20,0,100,51.355,88.109,70.116,61.303,97.281,99.968,93.75,51.123,96.365,34.712,100,100,100,100,100,100,100,100,100,100,100,100,100,100,100,100,100,100,100,100,100,100,100,100,100,100,100,100,100,100,100,100,100,100,100,100,100,100,100,100,100,100,100,100,100,100,100,100,100,100,100,100,100,100,100,100,100,100,100,100,100,100,100,100,100,100,100,100,100,100,100,100,100,100,100,100,100,100,100,100,100,100,100,100,100,100,100,100,100,100,100,100,100,100,100,100,100,100,100,100,100,100,100,100,100,100,100,100,100,100,100,100,100,100,100,100,100,100,100,100,100,100,100,100,100,100,100,100,100,100,100,100,100,100,100,100,100,100,100,100,100,100,100,100,100,100,100,100,100,100,100,100,100,100,100,100,100,100,100,100,100,100,100,100,100,100,100,100,100,100,100,100,100,100,100,100,100,100,100,100,100,100,100,100,100,100,100,100,100,100,100,100,100,100,100,100,100,100,100,100,100,100,100,100,100,100,100,100,100,100,100,100,100,100,100,100,100,100,100,100,100,100,100,100,100,100,100,100,100,100,100,100,100,100,100,100,100,100,100,100
60,Current to 0,0,89,52.728,32.108,55.2,74.098,51.46,85.126,51.435,77.112,20.622,15.532,11.48,4.266,0.798,73.746,79.445,47.387,0.934,39.331,65.188,77.539,83.63,24.806,14.452,36.241,78.522,4.629,59.31,7.777,70.37,56.869,9.698,67.628,87.147,77.923,80.558,24.84,74.302,55.912,10.208,21.965,65.566,16.976,21.77,88.538,25.955,78.017,44.872,55.292,43.496,66.761,4.522,61.761,52.404,64.283,23.375,80.979,47.536,62.964,3.853,85.276,20.301,20.711,68.352,72.931,80.383,6.964,67.305,53.438,73.841,63.752,63.658,58.147,77.054,5.98,23.928,81.661,84.265,81.806,26.916,5.815,44.572,52.269,40.2,28.881,43.552,68.437,67.499,78.796,43.831,32.442,83.649,79.497,70.313,16.143,37.707,9.978,50.46,44.469,72.214,25.987,53.242,12.759,2.658,11.466,14.232,48.686,42.965,12.41,65.088,47.271,20.628,14.575,32.751,51.782,33.443,58.923,53.253,11.319,13.23,20.333,84.249,11.635,72.562,5.274,76.383,73.819,41.312,6.475,53.904,23.249,86.615,66.348,41.688,25.253,42.019,52.353,45.937,26.643,48.84,3.139,5.706,53.872,67.291,85.74,14.245,60.631,60.953,48.211,88.907,39.922,4.605,50.599,18.641,9.573,13.321,73.794,82.128,75.436,3.426,85.921,50.034,55.257,74.236,21.702,32.574,85.583,88.917,43.521,56.374,28.25,14.793,72.22,31.817,54.036,60.775,81.136,42.352,88.517,35.271,3.049,21.123,22.717,48.614,28.304,35.594,48.962,85.306,72.756,3.825,46.88,39.362,10.71,81.984,78.885,40.33,69.532,60.158,60.217,11.213,88.111,54.95,27.947,51.539,64.466,4.61,42.084,28.622,86.168,8.73,19.371,47.163,61.747,14.878,84.983,44.647,27.371,32.387,45.618,57.965,16.246,5.639,51.119,55.647,73.086,32.668,53.671,60.682,47.566,36.921,44.671,84.514,29.414,78.072,27.425,70.015,6.435,37.048,3.65,27.221,55.86,5.044,23.214,42.463,74.243,88.835,74.459,19.87,77.124,2.702,68.52
63.COM.60,Current to all but biomass,10,99,46.272,66.892,43.8,24.902,47.54,13.874,47.565,21.888,78.378,83.468,87.52,94.734,98.202,25.254,19.555,51.613,98.066,59.669,33.812,21.461,15.37,74.194,84.548,62.759,20.478,94.371,39.69,91.223,28.63,42.131,89.302,31.372,11.853,21.077,18.442,74.16,24.698,43.088,88.792,77.035,33.434,82.024,77.23,10.462,73.045,20.983,54.128,43.708,55.504,32.239,94.478,37.239,46.596,34.717,75.625,18.021,51.464,36.036,95.147,13.724,78.699,78.289,30.648,26.069,18.617,92.036,31.695,45.562,25.159,35.248,35.342,40.853,21.946,93.02,75.072,17.339,14.735,17.194,72.084,93.185,54.428,46.731,58.8,70.119,55.448,30.563,31.501,20.204,55.169,66.558,15.351,19.503,28.687,82.857,61.293,89.022,48.54,54.531,26.786,73.013,45.758,86.241,96.342,87.534,84.768,50.314,56.035,86.59,33.912,51.729,78.372,84.425,66.249,47.218,65.557,40.077,45.747,87.681,85.77,78.667,14.751,87.365,26.438,93.726,22.617,25.181,57.688,92.525,45.096,75.751,12.385,32.652,57.312,73.747,56.981,46.647,53.063,72.357,50.16,95.861,93.294,45.128,31.709,13.26,84.755,38.369,38.047,50.789,10.093,59.078,94.395,48.401,80.359,89.427,85.679,25.206,16.872,23.564,95.574,13.079,48.966,43.743,24.764,77.298,66.426,13.417,10.083,55.479,42.626,70.75,84.207,26.78,67.183,44.964,38.225,17.864,56.648,10.483,63.729,95.951,77.877,76.283,50.386,70.696,63.406,50.038,13.694,26.244,95.175,52.12,59.638,88.29,17.016,20.115,58.67,29.468,38.842,38.783,87.787,10.889,44.05,71.053,47.461,34.534,94.39,56.916,70.378,12.832,90.27,79.629,51.837,37.253,84.122,14.017,54.353,71.629,66.613,53.382,41.035,82.754,93.361,47.881,43.353,25.914,66.332,45.329,38.318,51.434,62.079,54.329,14.486,69.586,20.928,71.575,28.985,92.565,61.952,95.35,71.779,43.14,93.956,75.786,56.537,24.757,10.165,24.541,79.13,21.876,96.298,30.48
65,Current to +50%,50,0,4.447,26.202,1.563,30.395,1.736,3.282,26.788,34.565,11.61,23.148,4.958,21.428,20.419,30.863,1.269,38.355,32.936,4.596,19.387,29.63,29.609,0.019,49.389,35.094,41.054,48.297,6.304,34.666,34.591,15.87,36.218,25.194,20.252,29.444,25.984,43.176,0.477,41.899,24.298,42.839,33.694,15.309,10.073,12.29,9.932,0.657,17.622,17.079,13.112,32.02,17.435,25.292,19.512,19.923,49.447,45.312,38.846,45.827,40.651,36.211,14.893,33.185,12.85,27.346,4.475,29.342,19.743,8.071,49.284,24.856,48.203,42.208,5.121,2.487,35.939,38.579,46.778,29.977,27.567,28.227,9.629,39.126,22.758,4.177,33.306,36.886,9.755,33.338,32.81,11.973,30.365,32.149,49.649,36.156,28.135,30.699,14.311,15.662,3.371,24.79,27.647,39.555,31.444,49.172,39.822,15.148,35.156,42.964,37.548,44.133,22.947,27.263,16.569,22.267,12.515,42.46,21.571,31.632,32.601,8.828,41.12,2.912,46.522,38.705,49.819,46.791,34.317,11.032,9.659,16.365,16.226,44.811,22.629,11.822,21.698,31.502,24.729,27.756,37.93,45.647,17.121,0.447,45.686,39.544,33.775,48.084,27.844,23.074,8.52,9.265,47.932,37.456,35.952,26.679,42.332,4.402,27.484,27.348,16.817,0.289,3.456,37.35,10.509,47.112,20.56,20.909,7.564,43.337,39.137,16.953,23.211,19.908,28.855,21.562,29.556,36.489,1.261,11.691,33.186,1.965,3.966,23.925,40.459,12.563,28.671,36.517,18.371,7.885,10.637,19.288,27.099,2.384,11.557,46.97,43.174,28.975,48.089,26.232,48.037,45.074,30.834,26.466,34.108,24.831,32.295,49.38,49.713,2.483,18.998,20.394,47.411,41.09,19.24,4.755,21.358,42.23,42.903,28.547,31.55,26.147,38.965,26.581,0.056,9.294,23.167,9.259,23.23,26.308,0.116,26.984,31.354,10.377,37.796,21.423,32.542,26.127,48.331,24.557,48.617,9.534,35.079,46.816,10.69,38.7,46.925,19.213,45.86,3.609,10.794,20.815
66.EQ.65.1,Current to -50%,-50,VAR.65,4.447,26.202,1.563,30.395,1.736,3.282,26.788,34.565,11.61,23.148,4.958,21.428,20.419,30.863,1.269,38.355,32.936,4.596,19.387,29.63,29.609,0.019,49.389,35.094,41.054,48.297,6.304,34.666,34.591,15.87,36.218,25.194,20.252,29.444,25.984,43.176,0.477,41.899,24.298,42.839,33.694,15.309,10.073,12.29,9.932,0.657,17.622,17.079,13.112,32.02,17.435,25.292,19.512,19.923,49.447,45.312,38.846,45.827,40.651,36.211,14.893,33.185,12.85,27.346,4.475,29.342,19.743,8.071,49.284,24.856,48.203,42.208,5.121,2.487,35.939,38.579,46.778,29.977,27.567,28.227,9.629,39.126,22.758,4.177,33.306,36.886,9.755,33.338,32.81,11.973,30.365,32.149,49.649,36.156,28.135,30.699,14.311,15.662,3.371,24.79,27.647,39.555,31.444,49.172,39.822,15.148,35.156,42.964,37.548,44.133,22.947,27.263,16.569,22.267,12.515,42.46,21.571,31.632,32.601,8.828,41.12,2.912,46.522,38.705,49.819,46.791,34.317,11.032,9.659,16.365,16.226,44.811,22.629,11.822,21.698,31.502,24.729,27.756,37.93,45.647,17.121,0.447,45.686,39.544,33.775,48.084,27.844,23.074,8.52,9.265,47.932,37.456,35.952,26.679,42.332,4.402,27.484,27.348,16.817,0.289,3.456,37.35,10.509,47.112,20.56,20.909,7.564,43.337,39.137,16.953,23.211,19.908,28.855,21.562,29.556,36.489,1.261,11.691,33.186,1.965,3.966,23.925,40.459,12.563,28.671,36.517,18.371,7.885,10.637,19.288,27.099,2.384,11.557,46.97,43.174,28.975,48.089,26.232,48.037,45.074,30.834,26.466,34.108,24.831,32.295,49.38,49.713,2.483,18.998,20.394,47.411,41.09,19.24,4.755,21.358,42.23,42.903,28.547,31.55,26.147,38.965,26.581,0.056,9.294,23.167,9.259,23.23,26.308,0.116,26.984,31.354,10.377,37.796,21.423,32.542,26.127,48.331,24.557,48.617,9.534,35.079,46.816,10.69,38.7,46.925,19.213,45.86,3.609,10.794,20.815
67.EQ.65.2,Current to -50%,-50,VAR.65,4.447,26.202,1.563,30.395,1.736,3.282,26.788,34.565,11.61,23.148,4.958,21.428,20.419,30.863,1.269,38.355,32.936,4.596,19.387,29.63,29.609,0.019,49.389,35.094,41.054,48.297,6.304,34.666,34.591,15.87,36.218,25.194,20.252,29.444,25.984,43.176,0.477,41.899,24.298,42.839,33.694,15.309,10.073,12.29,9.932,0.657,17.622,17.079,13.112,32.02,17.435,25.292,19.512,19.923,49.447,45.312,38.846,45.827,40.651,36.211,14.893,33.185,12.85,27.346,4.475,29.342,19.743,8.071,49.284,24.856,48.203,42.208,5.121,2.487,35.939,38.579,46.778,29.977,27.567,28.227,9.629,39.126,22.758,4.177,33.306,36.886,9.755,33.338,32.81,11.973,30.365,32.149,49.649,36.156,28.135,30.699,14.311,15.662,3.371,24.79,27.647,39.555,31.444,49.172,39.822,15.148,35.156,42.964,37.548,44.133,22.947,27.263,16.569,22.267,12.515,42.46,21.571,31.632,32.601,8.828,41.12,2.912,46.522,38.705,49.819,46.791,34.317,11.032,9.659,16.365,16.226,44.811,22.629,11.822,21.698,31.502,24.729,27.756,37.93,45.647,17.121,0.447,45.686,39.544,33.775,48.084,27.844,23.074,8.52,9.265,47.932,37.456,35.952,26.679,42.332,4.402,27.484,27.348,16.817,0.289,3.456,37.35,10.509,47.112,20.56,20.909,7.564,43.337,39.137,16.953,23.211,19.908,28.855,21.562,29.556,36.489,1.261,11.691,33.186,1.965,3.966,23.925,40.459,12.563,28.671,36.517,18.371,7.885,10.637,19.288,27.099,2.384,11.557,46.97,43.174,28.975,48.089,26.232,48.037,45.074,30.834,26.466,34.108,24.831,32.295,49.38,49.713,2.483,18.998,20.394,47.411,41.09,19.24,4.755,21.358,42.23,42.903,28.547,31.55,26.147,38.965,26.581,0.056,9.294,23.167,9.259,23.23,26.308,0.116,26.984,31.354,10.377,37.796,21.423,32.542,26.127,48.331,24.557,48.617,9.534,35.079,46.816,10.69,38.7,46.925,19.213,45.86,3.609,10.794,20.815
68.EQ.65.3,Current to -50%,-50,VAR.65,4.447,26.202,1.563,30.395,1.736,3.282,26.788,34.565,11.61,23.148,4.958,21.428,20.419,30.863,1.269,38.355,32.936,4.596,19.387,29.63,29.609,0.019,49.389,35.094,41.054,48.297,6.304,34.666,34.591,15.87,36.218,25.194,20.252,29.444,25.984,43.176,0.477,41.899,24.298,42.839,33.694,15.309,10.073,12.29,9.932,0.657,17.622,17.079,13.112,32.02,17.435,25.292,19.512,19.923,49.447,45.312,38.846,45.827,40.651,36.211,14.893,33.185,12.85,27.346,4.475,29.342,19.743,8.071,49.284,24.856,48.203,42.208,5.121,2.487,35.939,38.579,46.778,29.977,27.567,28.227,9.629,39.126,22.758,4.177,33.306,36.886,9.755,33.338,32.81,11.973,30.365,32.149,49.649,36.156,28.135,30.699,14.311,15.662,3.371,24.79,27.647,39.555,31.444,49.172,39.822,15.148,35.156,42.964,37.548,44.133,22.947,27.263,16.569,22.267,12.515,42.46,21.571,31.632,32.601,8.828,41.12,2.912,46.522,38.705,49.819,46.791,34.317,11.032,9.659,16.365,16.226,44.811,22.629,11.822,21.698,31.502,24.729,27.756,37.93,45.647,17.121,0.447,45.686,39.544,33.775,48.084,27.844,23.074,8.52,9.265,47.932,37.456,35.952,26.679,42.332,4.402,27.484,27.348,16.817,0.289,3.456,37.35,10.509,47.112,20.56,20.909,7.564,43.337,39.137,16.953,23.211,19.908,28.855,21.562,29.556,36.489,1.261,11.691,33.186,1.965,3.966,23.925,40.459,12.563,28.671,36.517,18.371,7.885,10.637,19.288,27.099,2.384,11.557,46.97,43.174,28.975,48.089,26.232,48.037,45.074,30.834,26.466,34.108,24.831,32.295,49.38,49.713,2.483,18.998,20.394,47.411,41.09,19.24,4.755,21.358,42.23,42.903,28.547,31.55,26.147,38.965,26.581,0.056,9.294,23.167,9.259,23.23,26.308,0.116,26.984,31.354,10.377,37.796,21.423,32.542,26.127,48.331,24.557,48.617,9.534,35.079,46.816,10.69,38.7,46.925,19.213,45.86,3.609,10.794,20.815
69.EQ.65.4,Current to -50%,-50,VAR.65,4.447,26.202,1.563,30.395,1.736,3.282,26.788,34.565,11.61,23.148,4.958,21.428,20.419,30.863,1.269,38.355,32.936,4.596,19.387,29.63,29.609,0.019,49.389,35.094,41.054,48.297,6.304,34.666,34.591,15.87,36.218,25.194,20.252,29.444,25.984,43.176,0.477,41.899,24.298,42.839,33.694,15.309,10.073,12.29,9.932,0.657,17.622,17.079,13.112,32.02,17.435,25.292,19.512,19.923,49.447,45.312,38.846,45.827,40.651,36.211,14.893,33.185,12.85,27.346,4.475,29.342,19.743,8.071,49.284,24.856,48.203,42.208,5.121,2.487,35.939,38.579,46.778,29.977,27.567,28.227,9.629,39.126,22.758,4.177,33.306,36.886,9.755,33.338,32.81,11.973,30.365,32.149,49.649,36.156,28.135,30.699,14.311,15.662,3.371,24.79,27.647,39.555,31.444,49.172,39.822,15.148,35.156,42.964,37.548,44.133,22.947,27.263,16.569,22.267,12.515,42.46,21.571,31.632,32.601,8.828,41.12,2.912,46.522,38.705,49.819,46.791,34.317,11.032,9.659,16.365,16.226,44.811,22.629,11.822,21.698,31.502,24.729,27.756,37.93,45.647,17.121,0.447,45.686,39.544,33.775,48.084,27.844,23.074,8.52,9.265,47.932,37.456,35.952,26.679,42.332,4.402,27.484,27.348,16.817,0.289,3.456,37.35,10.509,47.112,20.56,20.909,7.564,43.337,39.137,16.953,23.211,19.908,28.855,21.562,29.556,36.489,1.261,11.691,33.186,1.965,3.966,23.925,40.459,12.563,28.671,36.517,18.371,7.885,10.637,19.288,27.099,2.384,11.557,46.97,43.174,28.975,48.089,26.232,48.037,45.074,30.834,26.466,34.108,24.831,32.295,49.38,49.713,2.483,18.998,20.394,47.411,41.09,19.24,4.755,21.358,42.23,42.903,28.547,31.55,26.147,38.965,26.581,0.056,9.294,23.167,9.259,23.23,26.308,0.116,26.984,31.354,10.377,37.796,21.423,32.542,26.127,48.331,24.557,48.617,9.534,35.079,46.816,10.69,38.7,46.925,19.213,45.86,3.609,10.794,20.815
70.EQ.65.5,Current to -50%,-50,VAR.65,4.447,26.202,1.563,30.395,1.736,3.282,26.788,34.565,11.61,23.148,4.958,21.428,20.419,30.863,1.269,38.355,32.936,4.596,19.387,29.63,29.609,0.019,49.389,35.094,41.054,48.297,6.304,34.666,34.591,15.87,36.218,25.194,20.252,29.444,25.984,43.176,0.477,41.899,24.298,42.839,33.694,15.309,10.073,12.29,9.932,0.657,17.622,17.079,13.112,32.02,17.435,25.292,19.512,19.923,49.447,45.312,38.846,45.827,40.651,36.211,14.893,33.185,12.85,27.346,4.475,29.342,19.743,8.071,49.284,24.856,48.203,42.208,5.121,2.487,35.939,38.579,46.778,29.977,27.567,28.227,9.629,39.126,22.758,4.177,33.306,36.886,9.755,33.338,32.81,11.973,30.365,32.149,49.649,36.156,28.135,30.699,14.311,15.662,3.371,24.79,27.647,39.555,31.444,49.172,39.822,15.148,35.156,42.964,37.548,44.133,22.947,27.263,16.569,22.267,12.515,42.46,21.571,31.632,32.601,8.828,41.12,2.912,46.522,38.705,49.819,46.791,34.317,11.032,9.659,16.365,16.226,44.811,22.629,11.822,21.698,31.502,24.729,27.756,37.93,45.647,17.121,0.447,45.686,39.544,33.775,48.084,27.844,23.074,8.52,9.265,47.932,37.456,35.952,26.679,42.332,4.402,27.484,27.348,16.817,0.289,3.456,37.35,10.509,47.112,20.56,20.909,7.564,43.337,39.137,16.953,23.211,19.908,28.855,21.562,29.556,36.489,1.261,11.691,33.186,1.965,3.966,23.925,40.459,12.563,28.671,36.517,18.371,7.885,10.637,19.288,27.099,2.384,11.557,46.97,43.174,28.975,48.089,26.232,48.037,45.074,30.834,26.466,34.108,24.831,32.295,49.38,49.713,2.483,18.998,20.394,47.411,41.09,19.24,4.755,21.358,42.23,42.903,28.547,31.55,26.147,38.965,26.581,0.056,9.294,23.167,9.259,23.23,26.308,0.116,26.984,31.354,10.377,37.796,21.423,32.542,26.127,48.331,24.557,48.617,9.534,35.079,46.816,10.69,38.7,46.925,19.213,45.86,3.609,10.794,20.815
71.EQ.65.6,Current to -50%,-50,VAR.65,4.447,26.202,1.563,30.395,1.736,3.282,26.788,34.565,11.61,23.148,4.958,21.428,20.419,30.863,1.269,38.355,32.936,4.596,19.387,29.63,29.609,0.019,49.389,35.094,41.054,48.297,6.304,34.666,34.591,15.87,36.218,25.194,20.252,29.444,25.984,43.176,0.477,41.899,24.298,42.839,33.694,15.309,10.073,12.29,9.932,0.657,17.622,17.079,13.112,32.02,17.435,25.292,19.512,19.923,49.447,45.312,38.846,45.827,40.651,36.211,14.893,33.185,12.85,27.346,4.475,29.342,19.743,8.071,49.284,24.856,48.203,42.208,5.121,2.487,35.939,38.579,46.778,29.977,27.567,28.227,9.629,39.126,22.758,4.177,33.306,36.886,9.755,33.338,32.81,11.973,30.365,32.149,49.649,36.156,28.135,30.699,14.311,15.662,3.371,24.79,27.647,39.555,31.444,49.172,39.822,15.148,35.156,42.964,37.548,44.133,22.947,27.263,16.569,22.267,12.515,42.46,21.571,31.632,32.601,8.828,41.12,2.912,46.522,38.705,49.819,46.791,34.317,11.032,9.659,16.365,16.226,44.811,22.629,11.822,21.698,31.502,24.729,27.756,37.93,45.647,17.121,0.447,45.686,39.544,33.775,48.084,27.844,23.074,8.52,9.265,47.932,37.456,35.952,26.679,42.332,4.402,27.484,27.348,16.817,0.289,3.456,37.35,10.509,47.112,20.56,20.909,7.564,43.337,39.137,16.953,23.211,19.908,28.855,21.562,29.556,36.489,1.261,11.691,33.186,1.965,3.966,23.925,40.459,12.563,28.671,36.517,18.371,7.885,10.637,19.288,27.099,2.384,11.557,46.97,43.174,28.975,48.089,26.232,48.037,45.074,30.834,26.466,34.108,24.831,32.295,49.38,49.713,2.483,18.998,20.394,47.411,41.09,19.24,4.755,21.358,42.23,42.903,28.547,31.55,26.147,38.965,26.581,0.056,9.294,23.167,9.259,23.23,26.308,0.116,26.984,31.354,10.377,37.796,21.423,32.542,26.127,48.331,24.557,48.617,9.534,35.079,46.816,10.69,38.7,46.925,19.213,45.86,3.609,10.794,20.815
72.EQ.65.7,Current to -50%,-50,VAR.65,4.447,26.202,1.563,30.395,1.736,3.282,26.788,34.565,11.61,23.148,4.958,21.428,20.419,30.863,1.269,38.355,32.936,4.596,19.387,29.63,29.609,0.019,49.389,35.094,41.054,48.297,6.304,34.666,34.591,15.87,36.218,25.194,20.252,29.444,25.984,43.176,0.477,41.899,24.298,42.839,33.694,15.309,10.073,12.29,9.932,0.657,17.622,17.079,13.112,32.02,17.435,25.292,19.512,19.923,49.447,45.312,38.846,45.827,40.651,36.211,14.893,33.185,12.85,27.346,4.475,29.342,19.743,8.071,49.284,24.856,48.203,42.208,5.121,2.487,35.939,38.579,46.778,29.977,27.567,28.227,9.629,39.126,22.758,4.177,33.306,36.886,9.755,33.338,32.81,11.973,30.365,32.149,49.649,36.156,28.135,30.699,14.311,15.662,3.371,24.79,27.647,39.555,31.444,49.172,39.822,15.148,35.156,42.964,37.548,44.133,22.947,27.263,16.569,22.267,12.515,42.46,21.571,31.632,32.601,8.828,41.12,2.912,46.522,38.705,49.819,46.791,34.317,11.032,9.659,16.365,16.226,44.811,22.629,11.822,21.698,31.502,24.729,27.756,37.93,45.647,17.121,0.447,45.686,39.544,33.775,48.084,27.844,23.074,8.52,9.265,47.932,37.456,35.952,26.679,42.332,4.402,27.484,27.348,16.817,0.289,3.456,37.35,10.509,47.112,20.56,20.909,7.564,43.337,39.137,16.953,23.211,19.908,28.855,21.562,29.556,36.489,1.261,11.691,33.186,1.965,3.966,23.925,40.459,12.563,28.671,36.517,18.371,7.885,10.637,19.288,27.099,2.384,11.557,46.97,43.174,28.975,48.089,26.232,48.037,45.074,30.834,26.466,34.108,24.831,32.295,49.38,49.713,2.483,18.998,20.394,47.411,41.09,19.24,4.755,21.358,42.23,42.903,28.547,31.55,26.147,38.965,26.581,0.056,9.294,23.167,9.259,23.23,26.308,0.116,26.984,31.354,10.377,37.796,21.423,32.542,26.127,48.331,24.557,48.617,9.534,35.079,46.816,10.69,38.7,46.925,19.213,45.86,3.609,10.794,20.815
76,0 to +5%/yr,0,5,2.523,0.025,0.514,2.414,2.089,2.213,3.325,2.639,2.766,2.262,1.848,2.305,2.998,2.598,2.393,0.088,2.774,1.443,2.872,1.579,2.178,2.697,0.093,2.262,0.48,1.758,0.466,0.638,3.4,3.426,4.533,1.354,1.269,4.355,3.494,4.334,4.774,3.24,3.227,4.312,2.394,1.162,4.348,2.431,0.294,3.31,2.715,1.412,4.945,4.146,3.409,0.757,2.509,1.223,4.922,2.97,3.821,2.104,2.567,1.698,0,0.372,4.703,3.095,2.065,2.579,4.345,1.653,1.953,3.774,1.805,0.24,2.933,4.436,1.584,2.193,4.724,0.857,4.048,4.688,3.188,4.519,0.567,1.902,3.753,3.17,2.907,3.088,3.979,1.244,1.99,3.181,3.253,1.032,2.911,3.167,1.109,2.068,1.451,1.625,2.993,3.325,0.291,1.679,0.944,0.11,4.362,2.362,0.274,4.235,1.678,3.631,3.015,0.747,4.738,3.256,2.256,0.973,2.826,3.996,2.028,3.21,4.745,2.137,0.888,1.967,1.437,4.224,4.447,0.268,2.43,4.78,1.957,4.324,2.357,2.558,0.34,3.408,2.321,1.69,2.637,3.812,3.717,1.956,2.374,0.544,2.658,3.785,1.744,3.735,2.314,3.969,3.76,0.107,4.641,0.518,1.41,3.195,4.124,4.685,2.706,2.271,0.784,2.898,2.503,4.724,0.987,3.349,4.227,2.553,0.312,3.876,2.812,3.248,0.571,3.631,2.963,3.523,1.307,1.244,2.44,3.766,1.824,4.25,3.443,1.136,3.989,1.319,3.291,3.098,0.637,1.573,0.114,4.428,4.252,1.81,0.081,0.487,1.847,1.757,2.721,2.6,2.33,2.784,2.976,2.086,4.613,1.573,2.582,4.151,0.231,1.826,0.013,1.82,0.441,0.426,2.767,4.907,2.233,4.392,0.101,0.573,1.275,1.288,1.344,4.769,1.267,2.128,4.857,1.823,0.69,0.884,3.478,1.811,4.019,1.46,1.191,3.941,2.843,2.061,2.98,2.822,3.968,0.41,0.958,4.523,0.279,3.553,4.411,3.85
77.EQ.76.1,0 to +5%/yr,0,VAR.76,2.523,0.025,0.514,2.414,2.089,2.213,3.325,2.639,2.766,2.262,1.848,2.305,2.998,2.598,2.393,0.088,2.774,1.443,2.872,1.579,2.178,2.697,0.093,2.262,0.48,1.758,0.466,0.638,3.4,3.426,4.533,1.354,1.269,4.355,3.494,4.334,4.774,3.24,3.227,4.312,2.394,1.162,4.348,2.431,0.294,3.31,2.715,1.412,4.945,4.146,3.409,0.757,2.509,1.223,4.922,2.97,3.821,2.104,2.567,1.698,0,0.372,4.703,3.095,2.065,2.579,4.345,1.653,1.953,3.774,1.805,0.24,2.933,4.436,1.584,2.193,4.724,0.857,4.048,4.688,3.188,4.519,0.567,1.902,3.753,3.17,2.907,3.088,3.979,1.244,1.99,3.181,3.253,1.032,2.911,3.167,1.109,2.068,1.451,1.625,2.993,3.325,0.291,1.679,0.944,0.11,4.362,2.362,0.274,4.235,1.678,3.631,3.015,0.747,4.738,3.256,2.256,0.973,2.826,3.996,2.028,3.21,4.745,2.137,0.888,1.967,1.437,4.224,4.447,0.268,2.43,4.78,1.957,4.324,2.357,2.558,0.34,3.408,2.321,1.69,2.637,3.812,3.717,1.956,2.374,0.544,2.658,3.785,1.744,3.735,2.314,3.969,3.76,0.107,4.641,0.518,1.41,3.195,4.124,4.685,2.706,2.271,0.784,2.898,2.503,4.724,0.987,3.349,4.227,2.553,0.312,3.876,2.812,3.248,0.571,3.631,2.963,3.523,1.307,1.244,2.44,3.766,1.824,4.25,3.443,1.136,3.989,1.319,3.291,3.098,0.637,1.573,0.114,4.428,4.252,1.81,0.081,0.487,1.847,1.757,2.721,2.6,2.33,2.784,2.976,2.086,4.613,1.573,2.582,4.151,0.231,1.826,0.013,1.82,0.441,0.426,2.767,4.907,2.233,4.392,0.101,0.573,1.275,1.288,1.344,4.769,1.267,2.128,4.857,1.823,0.69,0.884,3.478,1.811,4.019,1.46,1.191,3.941,2.843,2.061,2.98,2.822,3.968,0.41,0.958,4.523,0.279,3.553,4.411,3.85
78.EQ.76.2,0 to +5%/yr,0,VAR.76,2.523,0.025,0.514,2.414,2.089,2.213,3.325,2.639,2.766,2.262,1.848,2.305,2.998,2.598,2.393,0.088,2.774,1.443,2.872,1.579,2.178,2.697,0.093,2.262,0.48,1.758,0.466,0.638,3.4,3.426,4.533,1.354,1.269,4.355,3.494,4.334,4.774,3.24,3.227,4.312,2.394,1.162,4.348,2.431,0.294,3.31,2.715,1.412,4.945,4.146,3.409,0.757,2.509,1.223,4.922,2.97,3.821,2.104,2.567,1.698,0,0.372,4.703,3.095,2.065,2.579,4.345,1.653,1.953,3.774,1.805,0.24,2.933,4.436,1.584,2.193,4.724,0.857,4.048,4.688,3.188,4.519,0.567,1.902,3.753,3.17,2.907,3.088,3.979,1.244,1.99,3.181,3.253,1.032,2.911,3.167,1.109,2.068,1.451,1.625,2.993,3.325,0.291,1.679,0.944,0.11,4.362,2.362,0.274,4.235,1.678,3.631,3.015,0.747,4.738,3.256,2.256,0.973,2.826,3.996,2.028,3.21,4.745,2.137,0.888,1.967,1.437,4.224,4.447,0.268,2.43,4.78,1.957,4.324,2.357,2.558,0.34,3.408,2.321,1.69,2.637,3.812,3.717,1.956,2.374,0.544,2.658,3.785,1.744,3.735,2.314,3.969,3.76,0.107,4.641,0.518,1.41,3.195,4.124,4.685,2.706,2.271,0.784,2.898,2.503,4.724,0.987,3.349,4.227,2.553,0.312,3.876,2.812,3.248,0.571,3.631,2.963,3.523,1.307,1.244,2.44,3.766,1.824,4.25,3.443,1.136,3.989,1.319,3.291,3.098,0.637,1.573,0.114,4.428,4.252,1.81,0.081,0.487,1.847,1.757,2.721,2.6,2.33,2.784,2.976,2.086,4.613,1.573,2.582,4.151,0.231,1.826,0.013,1.82,0.441,0.426,2.767,4.907,2.233,4.392,0.101,0.573,1.275,1.288,1.344,4.769,1.267,2.128,4.857,1.823,0.69,0.884,3.478,1.811,4.019,1.46,1.191,3.941,2.843,2.061,2.98,2.822,3.968,0.41,0.958,4.523,0.279,3.553,4.411,3.85
79.EQ.76.3,0 to +5%/yr,0,VAR.76,2.523,0.025,0.514,2.414,2.089,2.213,3.325,2.639,2.766,2.262,1.848,2.305,2.998,2.598,2.393,0.088,2.774,1.443,2.872,1.579,2.178,2.697,0.093,2.262,0.48,1.758,0.466,0.638,3.4,3.426,4.533,1.354,1.269,4.355,3.494,4.334,4.774,3.24,3.227,4.312,2.394,1.162,4.348,2.431,0.294,3.31,2.715,1.412,4.945,4.146,3.409,0.757,2.509,1.223,4.922,2.97,3.821,2.104,2.567,1.698,0,0.372,4.703,3.095,2.065,2.579,4.345,1.653,1.953,3.774,1.805,0.24,2.933,4.436,1.584,2.193,4.724,0.857,4.048,4.688,3.188,4.519,0.567,1.902,3.753,3.17,2.907,3.088,3.979,1.244,1.99,3.181,3.253,1.032,2.911,3.167,1.109,2.068,1.451,1.625,2.993,3.325,0.291,1.679,0.944,0.11,4.362,2.362,0.274,4.235,1.678,3.631,3.015,0.747,4.738,3.256,2.256,0.973,2.826,3.996,2.028,3.21,4.745,2.137,0.888,1.967,1.437,4.224,4.447,0.268,2.43,4.78,1.957,4.324,2.357,2.558,0.34,3.408,2.321,1.69,2.637,3.812,3.717,1.956,2.374,0.544,2.658,3.785,1.744,3.735,2.314,3.969,3.76,0.107,4.641,0.518,1.41,3.195,4.124,4.685,2.706,2.271,0.784,2.898,2.503,4.724,0.987,3.349,4.227,2.553,0.312,3.876,2.812,3.248,0.571,3.631,2.963,3.523,1.307,1.244,2.44,3.766,1.824,4.25,3.443,1.136,3.989,1.319,3.291,3.098,0.637,1.573,0.114,4.428,4.252,1.81,0.081,0.487,1.847,1.757,2.721,2.6,2.33,2.784,2.976,2.086,4.613,1.573,2.582,4.151,0.231,1.826,0.013,1.82,0.441,0.426,2.767,4.907,2.233,4.392,0.101,0.573,1.275,1.288,1.344,4.769,1.267,2.128,4.857,1.823,0.69,0.884,3.478,1.811,4.019,1.46,1.191,3.941,2.843,2.061,2.98,2.822,3.968,0.41,0.958,4.523,0.279,3.553,4.411,3.85
80,0 to +10%yr,0,10,3.49,3.263,6.809,5.149,0.654,9.713,2.498,6.738,1.015,2.384,2.346,1.012,8.201,5.711,1.638,8.624,6.918,8.735,3.046,6.59,6.364,0.399,8.735,7.356,5.909,1.895,9.945,0.156,6.028,3.871,9.6,9.444,0.705,7.719,9.639,5.639,6.094,5.904,8.679,2.796,2.984,4.089,5.979,7.188,0.405,9.462,8.563,7.173,5.336,8.71,6.99,1.485,6.731,5.526,2.081,1.949,6.621,0.353,8.217,6.36,4.478,1.689,7.42,3.931,8.352,7.774,0.704,7.66,3.193,6.02,5.004,7.669,9.008,5.685,1.355,2.339,6.36,5.41,8.844,3.401,0.9,1.938,8.484,3.792,4.316,5.572,5.825,5.436,4.535,9.056,6.953,4.883,9.232,1.143,0.855,6.424,3.112,3.2,8.252,5.806,8.535,8.907,8.413,8.761,7.651,4.399,9.924,2.759,0.824,1.343,5.794,2.353,2.89,3.144,5.677,6.843,1.147,2.433,5.058,8.88,5.516,3.437,7.344,3.9,1.685,1.902,5.024,2.465,2.61,0.155,9.906,0.951,7.677,3.705,8.164,8.548,8.832,9.433,8.897,3.603,4.06,2.825,5.386,0.776,3.331,1.341,3.808,0.028,3.664,5.46,0.328,0.125,2.803,8.378,1.786,8.09,1.178,0.145,5.02,9.563,9.089,8.261,3.677,6.215,9.089,6.567,3.778,5.157,0.046,9.603,3.447,5.122,1.533,3.849,1.662,6.846,0.102,3.421,7.013,5.835,7.517,5.401,9.858,2.467,1.215,7.318,5.358,7.593,7.126,1.882,3.136,5.431,3.632,9.837,8.12,9.189,6.638,5.407,7.528,7.681,4.513,1.915,7.722,3.827,3.382,8.285,4.536,3.707,8.238,9.713,1.386,4.258,3.691,2.173,9.835,6.714,9.536,0.104,5.902,9.569,7.051,8.014,9.639,3.534,5.451,2.169,0.132,0.307,8.106,6.501,9.376,2.894,6.547,1.181,3.27,0.395,0.365,4.591,7.796,2.922,3.081,8.451,9.36,6.488,2.602,1.658,7.347,4.129,9.094,2.982
81,0 to 90%,0,90,89.468,48.263,59.51,29.345,78.022,26.242,1.338,42.422,4.697,25.767,65.764,2.161,71.719,33.925,48.814,67.959,2.913,81.382,13.078,84.703,32.242,3.037,78.202,72.795,53.48,6.383,26.574,51.144,45.959,70.598,77.554,41.896,23.179,49.354,10.91,48.57,47.611,78.226,15.214,89.214,81.169,40.645,59.765,39.88,68.981,10.856,13.549,38.007,32.736,85.095,51.234,73.939,31.202,52.376,5.777,62.96,3.189,85.715,37.959,15.384,16.243,81.715,81.125,13.367,76.383,76.243,15.937,77.669,63.876,71.498,38.271,53.212,88.145,33.689,29.123,4.524,83.59,60.222,84.883,21.173,86.995,85.359,37.792,54.268,6.849,5.663,43.448,49.61,42.345,2.763,54.429,80.182,15.928,46.926,63.373,87.647,89.262,69.228,82.273,59.775,15.318,72.659,4.758,3.076,31.082,68.852,69.119,88.034,32.746,53.932,35.298,72.769,66.927,3.217,75.964,86.248,32.059,53.17,31.426,75.927,6.628,22.302,32.091,35.33,62.492,86.891,65.939,1.409,13.403,65.285,34.194,62.462,72.688,66.054,45.094,57.698,15.231,73.887,74.293,33.101,1.762,37.317,81.173,65.855,22.235,8.662,9.027,88.058,89.715,14.177,54.256,46.246,0.833,82.595,42.338,54.779,50.481,58.786,14.951,32.086,8.309,82.777,2.84,57.459,80.954,50.407,18.687,22.771,46.04,25.315,16.682,67.569,88.126,33.434,51.29,55.822,55.012,81.318,31.981,78.126,31.469,6.23,74.7,58.354,70.371,26.219,76.831,51.936,13.894,28.547,20.723,80.506,86.455,62.448,35.298,77.824,30.313,66.77,33.502,46.313,66.249,10.914,15.157,52.577,25.61,10.385,66.397,33.897,85.034,3.862,89.8,41.536,54.661,89.799,86.943,29.783,83.812,65.59,81.928,85.165,42.73,41.841,18.206,74.687,29.396,56.159,20.499,8.309,68.129,43.148,33.979,41.179,37.874,7.977,23.569,33.999,11.262,9.134,17.472,85.283,39.43,20.084,82.118,48.823,77.15,76.021,84.625,12.685,20.303,75.393
82.EQ.81.1,0 to 90%,0,VAR.81,89.468,48.263,59.51,29.345,78.022,26.242,1.338,42.422,4.697,25.767,65.764,2.161,71.719,33.925,48.814,67.959,2.913,81.382,13.078,84.703,32.242,3.037,78.202,72.795,53.48,6.383,26.574,51.144,45.959,70.598,77.554,41.896,23.179,49.354,10.91,48.57,47.611,78.226,15.214,89.214,81.169,40.645,59.765,39.88,68.981,10.856,13.549,38.007,32.736,85.095,51.234,73.939,31.202,52.376,5.777,62.96,3.189,85.715,37.959,15.384,16.243,81.715,81.125,13.367,76.383,76.243,15.937,77.669,63.876,71.498,38.271,53.212,88.145,33.689,29.123,4.524,83.59,60.222,84.883,21.173,86.995,85.359,37.792,54.268,6.849,5.663,43.448,49.61,42.345,2.763,54.429,80.182,15.928,46.926,63.373,87.647,89.262,69.228,82.273,59.775,15.318,72.659,4.758,3.076,31.082,68.852,69.119,88.034,32.746,53.932,35.298,72.769,66.927,3.217,75.964,86.248,32.059,53.17,31.426,75.927,6.628,22.302,32.091,35.33,62.492,86.891,65.939,1.409,13.403,65.285,34.194,62.462,72.688,66.054,45.094,57.698,15.231,73.887,74.293,33.101,1.762,37.317,81.173,65.855,22.235,8.662,9.027,88.058,89.715,14.177,54.256,46.246,0.833,82.595,42.338,54.779,50.481,58.786,14.951,32.086,8.309,82.777,2.84,57.459,80.954,50.407,18.687,22.771,46.04,25.315,16.682,67.569,88.126,33.434,51.29,55.822,55.012,81.318,31.981,78.126,31.469,6.23,74.7,58.354,70.371,26.219,76.831,51.936,13.894,28.547,20.723,80.506,86.455,62.448,35.298,77.824,30.313,66.77,33.502,46.313,66.249,10.914,15.157,52.577,25.61,10.385,66.397,33.897,85.034,3.862,89.8,41.536,54.661,89.799,86.943,29.783,83.812,65.59,81.928,85.165,42.73,41.841,18.206,74.687,29.396,56.159,20.499,8.309,68.129,43.148,33.979,41.179,37.874,7.977,23.569,33.999,11.262,9.134,17.472,85.283,39.43,20.084,82.118,48.823,77.15,76.021,84.625,12.685,20.303,75.393
83.EQ.81.2,0 to 90%,0,VAR.81,89.468,48.263,59.51,29.345,78.022,26.242,1.338,42.422,4.697,25.767,65.764,2.161,71.719,33.925,48.814,67.959,2.913,81.382,13.078,84.703,32.242,3.037,78.202,72.795,53.48,6.383,26.574,51.144,45.959,70.598,77.554,41.896,23.179,49.354,10.91,48.57,47.611,78.226,15.214,89.214,81.169,40.645,59.765,39.88,68.981,10.856,13.549,38.007,32.736,85.095,51.234,73.939,31.202,52.376,5.777,62.96,3.189,85.715,37.959,15.384,16.243,81.715,81.125,13.367,76.383,76.243,15.937,77.669,63.876,71.498,38.271,53.212,88.145,33.689,29.123,4.524,83.59,60.222,84.883,21.173,86.995,85.359,37.792,54.268,6.849,5.663,43.448,49.61,42.345,2.763,54.429,80.182,15.928,46.926,63.373,87.647,89.262,69.228,82.273,59.775,15.318,72.659,4.758,3.076,31.082,68.852,69.119,88.034,32.746,53.932,35.298,72.769,66.927,3.217,75.964,86.248,32.059,53.17,31.426,75.927,6.628,22.302,32.091,35.33,62.492,86.891,65.939,1.409,13.403,65.285,34.194,62.462,72.688,66.054,45.094,57.698,15.231,73.887,74.293,33.101,1.762,37.317,81.173,65.855,22.235,8.662,9.027,88.058,89.715,14.177,54.256,46.246,0.833,82.595,42.338,54.779,50.481,58.786,14.951,32.086,8.309,82.777,2.84,57.459,80.954,50.407,18.687,22.771,46.04,25.315,16.682,67.569,88.126,33.434,51.29,55.822,55.012,81.318,31.981,78.126,31.469,6.23,74.7,58.354,70.371,26.219,76.831,51.936,13.894,28.547,20.723,80.506,86.455,62.448,35.298,77.824,30.313,66.77,33.502,46.313,66.249,10.914,15.157,52.577,25.61,10.385,66.397,33.897,85.034,3.862,89.8,41.536,54.661,89.799,86.943,29.783,83.812,65.59,81.928,85.165,42.73,41.841,18.206,74.687,29.396,56.159,20.499,8.309,68.129,43.148,33.979,41.179,37.874,7.977,23.569,33.999,11.262,9.134,17.472,85.283,39.43,20.084,82.118,48.823,77.15,76.021,84.625,12.685,20.303,75.393
SYN.29,Current to +50%,"5,036,070","7,554,105",5351091.008,5881879.509,5753668.217,5784819.455,6097309.965,6215740.741,5522986.577,7169087.668,7191769.333,7119359.405,6188064.989,7309703.842,7090136.802,5303334.019,7221701.059,6516536.145,5616231.493,5565795.826,6211295.971,6400808.33,5629775.44,5674497.449,5891156.414,5734444.566,5698004.23,7045164.205,6141500.561,5934266.801,6448045.165,5974707.482,5585460.548,6713857.539,5052448.968,5221871.718,5344477.35,5534213.051,5794865.073,6889088.817,5616928.441,7273537.06,6253864.89,7445247.031,6434325.528,6696088.232,5248558.034,6895487.433,7551797.288,5428499.358,6533986.125,5368338.623,6122506.645,6307618.138,7256313.446,6413312.984,7340245.928,6155817.936,7415497.384,5593087.716,5938246.147,5599207.716,5805392.674,6661843.448,6621531.807,5345295.527,5280052.749,6702411.445,5387564.865,7379395.414,7244316.854,5544577.326,5513437.965,5733904.384,5293171.934,5428802.868,5286714.063,5977135.831,5759141.425,5490255.691,6509458.689,6112143.661,7280655.826,7060519.181,6305476.071,6386705.188,7155253.015,6650895.769,5741670.612,6677115.257,5763344.233,7490815.854,5266489.993,5258566.005,5508313.997,7541919.972,6145417.669,7312876.885,6635930.065,6203113.319,6947248.464,6669942.28,5413815.103,7481916.202,7358481.281,6425576.563,6521166.031,5373256.698,7034325.086,6608285.554,6673713.27,5586157.866,5292560.915,6202393.216,6135634.432,5239440.958,6149465.174,6846609.029,7194497.982,5679499.449,5369371.271,6221246.046,6547282.426,5605943.014,6921091.293,5907076.487,6888257.074,5064562.988,5253705.005,6247342.744,5541215.717,6794086.041,6392228.168,5182025.699,7178731.623,5706148.924,5638975.71,7423041.357,5559358.276,7398386.815,6464241.471,6774478.387,7540735.483,5685406.595,5109700.046,7152261.681,5597534.482,6036305.768,5828973.312,5213239.814,6966450.941,6202399.452,5589684.337,7087016.084,5490379.377,7351934.809,5679491.41,6808610.532,5764003.226,6432000.192,5506207.861,6384849.867,5194761.002,5944781.404,6423046.83,5376508.302,7224890.836,7300672.509,6790006.799,7026267.524,5123358.325,7442141.784,5232857.663,5356082.28,6614244.502,6723008.602,5467707.98,7053524.192,7064252.081,5631873.957,5264349.019,6315171.921,5308759.603,5432794.263,6051700.436,5241288.238,6949227.348,5912103.261,5989775.874,6384562.797,6413051.001,5481754.685,6110808.953,7114108.21,6521017.337,5307919.548,6502532.746,6638467.66,6228073.45,6480830.52,6600239.384,7408046.907,6349320.056,5716379.622,6088679.565,6769420.51,7085590.053,6428632.903,6712245.875,6583124.197,5589191.508,5365885.756,6719827.164,7089199.453,5570560.903,6356244.242,5485235.39,6186409.809,5860984.974,5485272.718,6266190.438,6997068.716,6181785.768,6188089.15,6161289.307,6985318.529,6094589.765,5287124.624,5213842.271,6826948.873,6023504.281,5079086.664,7316073.107,5223767.907,6098176.049,5299100.27,5622977.114,6126695.965,6240776.222,5131442.385,5176130.943,5227773.334,5205895.377,5714861.932,6244440.824,7523419.63,5580801.173,5235364.515,5319743.76,6466868.691,6167342.053,7302589.386
118,0 to 100% of buildings,0,"7,554,105",669453,1797434.769,1524972.197,1591171.877,2255247.3,2506925.239,1034749.285,4532888.408,4581089.348,4427210.583,2448111.335,4831712.667,4365109.458,567964.34,4644697.436,3146147.324,1232904.605,1125723.472,2497479.632,2900213.462,1261686.927,1356725.931,1817149.175,1484119.902,1406680.33,4269537.927,2349156.997,1908763.312,3000596.74,1994704.04,1167513.088,3565476.181,34807.042,394848.326,655398.276,1058606.732,1612519.878,3937861.201,1234385.694,4754854.427,2587943.092,5119756.297,2971441.057,3527714.522,451559.573,3951458.938,5346186.875,833953.94,3183230.379,706106.008,2308792.914,2702174.436,4718252.422,2926787.177,4896617.835,2379582.933,5056535.148,1183721.629,1917219.842,1196727.276,1634892.146,3454940.729,3369274.224,657136.988,518489.178,3541152.018,746963.808,4979814.639,4692758.394,1080631.914,1014457.474,1482971.96,546368.834,834598.93,532645.175,1999864.541,1536603.344,965192.688,3131106.981,2286770.474,4769982.558,4302168.878,2697622.317,2870242.792,4503488.307,3431675.752,1499476.015,3487394.94,1545534.755,5216594.871,489666.884,472827.57,1003568.499,5325196.534,2357481.265,4838455.722,3399872.047,2480090.631,4061456.611,3472151.604,802748.344,5197682.168,4935369.891,2952848.58,3155986.321,716557.437,4246503.652,3341124.533,3480165.358,1168994.964,545070.355,2478560.335,2336690.851,432184.821,2366082.641,3847587.153,4586888.016,1367355.711,708300.494,2518624.595,3211486.427,1211040.499,4005869.851,1850981.014,3936093.66,60550.616,462497.431,2574082.843,1073488.139,3735970.242,2881979.71,310171.316,4553382.833,1423988.667,1281238.475,5072566.888,1112042.997,5020173.376,3035015.604,3694301.901,5322679.37,1379909.023,156471.645,4497131.404,1193171.477,2125606.921,1685003.498,376504.615,4102263.906,2478573.587,1176489.088,4358477.603,965455.532,4921457.945,1367338.628,3766836.323,1546935.185,2966499.472,999092.738,2866300.038,337235.183,1931107.957,2947472.629,723467.441,4651476.05,4812520.129,3727301.421,4229380.48,185496.934,5113157.32,418194.621,680059.982,3353787.93,3584923.159,917276.413,4287303.784,4310101.685,1266146.498,485117.088,2718227.026,579494.282,843081.067,2158322.221,436110.487,4065661.949,1861663.442,2026725.969,2865689.984,2926230.435,947127.149,2283934.078,4416051.24,3155670.332,577709.076,3116388.617,3405264.705,2533133.553,3070269.089,3324025.569,5040702.095,2790795.428,1445729.984,2236906.786,3683553.378,4355447.134,2959343.626,3562051.223,3287653.985,1175441.774,700893.406,3578162.266,4363117.491,1135849.767,2805510.056,954524.015,2444593.903,1753031.669,954603.341,2614136.187,4167329.921,2434767.325,2448162.68,2391210.177,4142359.53,2249466.586,533517.66,377784.9,3805807.241,2098402.406,91414.967,4845248.031,398877.927,2257087.82,558967.176,1247239.765,2317695.662,2560128.287,202676.418,297644.336,407389.884,360896.908,1442504.732,2567915.955,5285881.348,1157611.424,423521.948,602836.778,3040598.725,2404072.903,4816593.696
119.COM.118,0 to 100% of buildings,0,"7,554,105",4681638.008,4084444.74,4228696.02,4193647.578,3842062.665,3708815.502,4488237.292,2636199.26,2610679.985,2692148.821,3739953.654,2477991.174,2725027.344,4735369.679,2577003.623,3370388.821,4383326.888,4440072.354,3713816.339,3500594.867,4368088.513,4317771.518,4074007.239,4250324.663,4291323.9,2775626.278,3792343.565,4025503.489,3447448.426,3980003.441,4417947.459,3148381.358,5017641.926,4827023.392,4689079.074,4475606.319,4182345.195,2951227.616,4382542.747,2518682.633,3665921.797,2325490.734,3462884.471,3168373.71,4796998.461,2944028.495,2205610.412,4594545.418,3350755.746,4662232.615,3813713.732,3605443.702,2538061.023,3486525.807,2443628.093,3776235.003,2358962.236,4409366.087,4021026.304,4402480.44,4170500.528,3206902.719,3252257.583,4688158.539,4761563.572,3161259.427,4640601.057,2399580.776,2551558.459,4463945.412,4498980.491,4250932.424,4746803.1,4594203.938,4754068.888,3977271.291,4222538.081,4525063.004,3378351.708,3825373.187,2510673.268,2758350.303,3607853.753,3516462.396,2651764.708,3219220.017,4242194.596,3189720.317,4217809.478,2274220.983,4776823.109,4785738.435,4504745.498,2216723.438,3787936.404,2474421.164,3236058.018,3723022.688,2885791.854,3197790.676,4611066.759,2284234.034,2423111.39,3472727.983,3365179.71,4656699.261,2787821.434,3267161.021,3193547.912,4417162.902,4747490.561,3723832.881,3798943.581,4807256.137,3783382.533,2999021.876,2607609.966,4312143.738,4661070.777,3702621.451,3335795.999,4394902.515,2915221.442,4056095.472,2952163.414,5004012.372,4791207.574,3673259.901,4467727.578,3058115.799,3510248.458,4871854.383,2625348.789,4282160.257,4357737.235,2350474.468,4447315.279,2378213.439,3429225.867,3080176.486,2218056.114,4305497.572,4953228.401,2655130.277,4404363.005,3910698.847,4143969.814,4836735.199,2864187.035,3723825.865,4413195.249,2728538.482,4524923.845,2430476.864,4312152.782,3041774.208,4217068.041,3465500.72,4507115.124,3518549.828,4857525.819,4013673.447,3475574.2,4653040.861,2573414.786,2488152.38,3062705.378,2796887.044,4937861.391,2328984.465,4814663.042,4676022.299,3260456.573,3138085.443,4550431.567,2766220.407,2754150.396,4365727.459,4779231.931,3596944.895,4729265.321,4589713.196,3893378.215,4805177.751,2883565.4,4050439.819,3963049.904,3518872.813,3486820.566,4534627.536,3826874.875,2698056.971,3365347.005,4730210.472,3386144.128,3233202.955,3694939.898,3410561.43,3276213.814,2367344.812,3558524.628,4270649.638,3851772.779,3085867.132,2730142.918,3469289.277,3150194.652,3295470.212,4413749.734,4664992.35,3141664.898,2726081.961,4434711.137,3550734.186,4530711.375,3741815.906,4107953.305,4530669.377,3652054.251,2829738.795,3747018.442,3739926.47,3770079.13,2842959,3845123.179,4753606.964,4836057.371,3021141.633,3925101.875,4987671.698,2470825.076,4824889.98,3841088.229,4740133.094,4375737.349,3809000.303,3680647.935,4928765.968,4878486.608,4820383.45,4844998.469,4272357.2,3676524.869,2237538.282,4423189.749,4811842.567,4716906.982,3426269.966,3763269.15,2485995.69
120,Current to -50%,76,152,104.14,142.867,100.997,76.151,143.898,120.922,122.393,99.988,121.994,134.08,99.863,114.268,123.764,127.397,103.142,78.837,137.14,121.62,120.926,82.107,118.759,120.047,126.314,83.006,93.738,126.431,113.184,135.041,103.804,116.689,144.398,144.879,120.045,131.799,100.846,134.475,117.746,103.036,111.818,111.442,81.585,130.475,122.366,79.016,107.224,143.071,118.386,151.005,79.704,99.463,87.016,119.882,117.97,76.217,129.257,109.215,105.07,109.019,143.542,135.554,125.542,117.791,150.478,91.901,132.073,77.524,118.794,87.547,107.815,107.793,125.132,144.76,148.197,114.319,130.203,98.224,145.019,139.157,91.727,108.42,136.873,128.003,85.693,129.863,87.329,135.033,116.379,150.381,142.95,83.237,118.507,119.718,83.981,77.24,87.28,80.814,106.359,79.291,141.367,76.158,76.806,150.117,100.861,88.117,110.523,150.393,83.441,114.177,138.238,86.27,128.331,79.867,117.841,126.821,126.394,108.607,117.769,129.768,103.317,99.124,110.579,81.332,137.087,88.872,89.853,83.006,141.204,119.272,138.354,109.631,99.664,78.735,146.264,115.57,86.951,89.726,144.021,107.752,130.05,94.881,78.496,140.913,139.492,137.773,118.12,135.909,85.66,92.402,121.705,112.317,106.404,120.547,124.627,81.036,95.546,91.402,143.126,93.915,78.926,82.351,93.222,137.03,148.442,78.496,125.615,114.327,132.591,128.671,133.85,117.871,130.523,83.039,126.635,98.822,83.613,96.102,91.586,108.93,84.773,138.193,124.443,121.965,109.924,99.608,124.376,82.373,78.796,143.562,92.436,80.375,141.524,97.983,117.047,81.739,117.588,146.281,132.494,99.74,148.482,137.773,116.996,87.739,84.948,112.459,121.84,107.335,108.665,133.724,114.789,93.129,120.175,95.638,77.911,103.48,97.837,80.815,128.406,102.435,100.882,128.613,118.362,114.135,122.268,82.222,107.855,124.575,95.962,142.887,118.171,138.416,138.923,142.552,77.834,143.997,78.96,133.549,138.339,117.918,114.778,80.055,101.249,82.48,125.499,101.807,108.55,94.819,115.103,91.366,135.155,148.756
121,Current to -50%,76,152,125.063,89.218,95.308,100.143,149.296,95.231,128.277,81.183,78.843,81.591,119.504,87.777,96.837,106.813,136.032,82.131,108.005,138.816,122.807,77.963,138.553,128.691,98.211,77.408,108.306,126.914,107.207,104.536,103.981,123.364,83.566,108.375,101.951,98.181,125.741,143.586,80.652,102.318,104.946,115.363,148.219,78.905,80.975,107.249,126.594,103.387,100.368,87.118,128.057,106.888,100.16,111.556,96.173,144.319,98.713,123.467,113.336,102.706,81.162,76.461,138.033,145.044,102.328,79.67,144.18,90.269,124.596,121.997,134.896,118.769,143.203,114.237,81.363,131.882,149.177,102.363,151.158,103.679,118.09,107.29,145.867,123.05,83.2,82.321,94.131,132.944,127.602,117.555,137.83,131.52,151.56,78.686,83.599,144.148,97.081,142.07,124.289,83.181,125.799,86.827,127.207,121.897,99.342,92.604,87.628,84.898,121.074,150.085,110.755,125.809,141.442,88.129,128.618,113.789,106.528,105.714,106.58,82.525,131.98,116.4,146.782,130.883,104.267,100.855,124.079,83.325,85.758,104.874,89.81,108.428,114.984,146.384,79.476,135.961,109.209,140.245,80.988,97.02,109.843,123.749,83.014,97.704,120.929,119.587,109.531,91.561,137.07,90.724,102.294,149.639,149.799,151.912,136.946,142.824,111.257,101.882,76.778,120.173,84.213,125.063,88.893,88.086,76.425,116.636,93.767,121.643,115.131,90.08,140.374,123.15,110.163,109.852,81.598,108.108,130.468,124.104,79.569,125.51,106.816,148.046,108.408,102.003,136.144,117.558,94.593,126.116,120.541,97.834,96.586,150.361,136.367,98.45,149.598,83.691,132.691,101.733,151.667,140.312,95.091,97.502,151.082,90.156,104.237,113.09,118.693,134.003,108.075,108.422,112.327,133.617,110.381,86.714,89.271,119.406,111.434,131.013,141.042,101.35,116.827,92.031,148.224,95.87,92.292,109.377,91.997,83.11,84.968,76.308,151.136,76.277,100.848,115.735,118.333,119.639,89.767,133.631,96.489,94.085,110.991,117.879,102.712,149.603,142.317,141.972,132.75,102.016,110.871,95.165,85.2,84.667
123,0 to 100% of buildings,0,100,9.695,98.415,97.665,91.418,7.408,51.307,79.081,18.812,9.13,10.954,17.535,47.079,47.955,27.094,35.2,19.755,69.107,59.663,75.897,32.947,17.306,15.03,61.637,90.37,77.335,73.01,82.442,74.396,2.75,28.38,56.984,69.185,2.372,91.199,22.415,91.124,0.111,95.754,79.807,15.167,35.177,50.004,73.494,3.79,28.324,48.17,88.875,3.642,17.185,68.926,71.137,79.596,64.025,9.431,97.135,46.312,67.511,11.025,94.893,37.745,92.015,38.896,98.803,1.097,46.262,53.897,85.374,62.164,32.298,92.672,25.51,23.271,82.449,58.983,81.799,28.762,89.218,95.223,43.022,69.43,18.274,36.577,58.536,75.766,92.897,25.167,7.668,18.006,67.214,75.395,79.764,58.779,83.747,65.179,33.45,14.824,79.488,48.754,14.027,78.446,71.715,34.948,17.568,57.876,44.625,91.779,61.942,20.531,70.074,4.718,24.075,62.613,76.834,61.946,65.95,53.652,92.803,8.88,33.613,65.149,62.626,35.683,73.517,17.096,99.443,84.631,13.368,96.456,70.457,28.113,37.377,72.417,36.233,53.959,27.236,69.51,68.723,92.36,67.426,77.65,69.183,83.937,71.064,83.236,50.061,16.911,16.646,37.766,45.367,41.036,54.634,23.438,28.02,13.768,2.658,19.97,69.064,48.446,86.81,4.313,58.609,50.381,71.523,42.205,50.119,45.439,4.48,7.583,25.539,5.79,27.975,96.506,95.572,7.533,43.335,65.62,53.987,80.168,90.034,28.353,56.803,78.436,81.58,19.954,89.691,38.261,72.658,74.264,5.45,86.409,57.996,14.092,43.798,76.415,53.329,73.126,96.895,37.137,46.022,92.315,93.762,82.607,83.173,58.543,86.788,89.018,24.446,79.495,20.29,70.969,23.81,1.979,46.035,42.31,12.955,76.052,13.553,53.88,18.605,33.322,73.51,33.551,4.96,73.589,63.322,56.067,69.801,91.201,82.287,60.043,61.578,97.355,22.499,65,56.282,70.188,61.634,6.535,24.701,76.588,24.656,66.99,81.879,4.66,52.823,0.773,30.214,63.747,88.938,90.146
SYNCOM.123,0 to 100% of buildings,0,100,90.305,1.585,2.335,8.582,92.592,48.693,20.919,81.188,90.87,89.046,82.465,52.921,52.045,72.906,64.8,80.245,30.893,40.337,24.103,67.053,82.694,84.97,38.363,9.63,22.665,26.99,17.558,25.604,97.25,71.62,43.016,30.815,97.628,8.801,77.585,8.876,99.889,4.246,20.193,84.833,64.823,49.996,26.506,96.21,71.676,51.83,11.125,96.358,82.815,31.074,28.863,20.404,35.975,90.569,2.865,53.688,32.489,88.975,5.107,62.255,7.985,61.104,1.197,98.903,53.738,46.103,14.626,37.836,67.702,7.328,74.49,76.729,17.551,41.017,18.201,71.238,10.782,4.777,56.978,30.57,81.726,63.423,41.464,24.234,7.103,74.833,92.332,81.994,32.786,24.605,20.236,41.221,16.253,34.821,66.55,85.176,20.512,51.246,85.973,21.554,28.285,65.052,82.432,42.124,55.375,8.221,38.058,79.469,29.926,95.282,75.925,37.387,23.166,38.054,34.05,46.348,7.197,91.12,66.387,34.851,37.374,64.317,26.483,82.904,0.557,15.369,86.632,3.544,29.543,71.887,62.623,27.583,63.767,46.041,72.764,30.49,31.277,7.64,32.574,22.35,30.817,16.063,28.936,16.764,49.939,83.089,83.354,62.234,54.633,58.964,45.366,76.562,71.98,86.232,97.342,80.03,30.936,51.554,13.19,95.687,41.391,49.619,28.477,57.795,49.881,54.561,95.52,92.417,74.461,94.21,72.025,3.494,4.428,92.467,56.665,34.38,46.013,19.832,9.966,71.647,43.197,21.564,18.42,80.046,10.309,61.739,27.342,25.736,94.55,13.591,42.004,85.908,56.202,23.585,46.671,26.874,3.105,62.863,53.978,7.685,6.238,17.393,16.827,41.457,13.212,10.982,75.554,20.505,79.71,29.031,76.19,98.021,53.965,57.69,87.045,23.948,86.447,46.12,81.395,66.678,26.49,66.449,95.04,26.411,36.678,43.933,30.199,8.799,17.713,39.957,38.422,2.645,77.501,35,43.718,29.812,38.366,93.465,75.299,23.412,75.344,33.01,18.121,95.34,47.177,99.227,69.786,36.253,11.062,9.854
SYN.34,% of SYNCOM.123,0,SYNCOM.123,83.484,0.762,1.178,4.281,11.429,29.029,12.383,29.932,81.256,76.22,61.33,21.23,0.236,2.242,37.416,80.153,11.391,32.058,18.86,66.078,46.992,15.334,32.172,1.405,14.081,7.046,4.936,21.086,96.258,53.743,28.007,26.355,20.274,8.357,69.113,8.453,92.761,0.08,11.521,74.348,31.947,15.248,14.298,44.712,20.241,14.338,6.155,1.59,15.008,3.689,18.015,15.841,7.911,5.383,1.202,3.302,18.304,58.567,1.264,41.113,5.612,15.983,0.41,58.603,38.359,4.425,1.687,11.111,53.013,4.181,58.485,39.13,8.98,15.951,8.825,44.918,2.574,0.941,6.25,11.446,13.314,8.34,23.436,3.404,4.411,49.024,29.918,8.522,29.86,10.073,4.888,15.481,13.616,4.341,12.894,6.865,3.24,1.791,33.047,6.277,25.936,47.954,57.115,19.534,47.373,8.002,8.181,70.86,23.38,20.031,49.959,9.924,14.15,31.095,5.755,34.953,1.451,42.029,15.798,10.383,32.443,33.7,2.502,49.914,0.217,0.373,62.262,0.84,4.741,59.407,5.947,1.952,49.795,16.699,8.241,20.783,4.455,6.088,5.605,3.782,8.266,14.115,0.999,14.61,31.631,42.647,76.954,12.732,30.79,0.349,35.419,36.399,46.608,53.318,93.101,47.958,29.262,11.863,12.508,19.11,35.65,29.253,12.633,4.377,3.391,47.242,91.463,56.313,57.416,19.801,39.238,2.399,0.841,50.296,7.289,7.145,23.165,14.493,0.894,34.411,20.837,12.519,11.555,58.466,3.385,24.751,3.826,20.573,39.165,10.416,41.756,20.143,3.491,3.57,3.291,4.349,2.449,53.981,52.2,0.842,4.8,15.418,4.455,30.019,12.65,9.5,66.657,2.382,49.052,21.108,57.71,28.689,37.313,9.498,1.608,9.941,30.707,5.919,22.688,8.56,21.165,28.083,85.067,14.433,2.021,35.376,19.659,5.699,13.202,22.39,1.626,0.992,63.849,14.371,3.408,26.363,37.565,30.304,46.407,17.025,45.095,20.506,13.676,91.99,3.149,69.94,50.706,3.113,6.443,3.947
SYN.35,% of SYN.34,0,SYN.34,24.909,0.432,0.682,2.933,6.015,18.731,4.52,1.378,46.993,51.996,42.378,11.752,0.029,0.446,34.037,18.809,7.493,26.696,4.543,34.055,46.504,13.642,25.019,1.264,5.418,0.945,2.373,11.274,72.916,22.38,25.277,16.557,20.105,4.972,25.387,7.46,35.543,0.027,4.931,30.037,16.563,3.835,2.643,3.308,4.621,6.926,2.531,1.514,9.013,0.206,0.368,1.705,1.178,0.731,0.659,1.754,0.61,20.725,1.259,32.148,2.798,14.452,0.083,3.886,5.115,3.118,1.084,2.383,45.584,1.175,30.296,11.949,0.89,9.57,2.948,39.717,0.517,0.304,0.3,5.934,8.945,2.648,10.507,2.053,0.142,30.178,10.793,2.412,10.514,5.261,1.517,9.447,8.477,3.254,5.299,2.88,1.072,1.307,27.149,4.539,15.884,1.075,11.297,14.628,23.36,5.728,7.902,33.168,5.249,6.311,18.055,9.047,13.536,12.236,1.259,30.975,0.403,11.906,2.857,6.233,7.996,23.103,2.336,1.36,0.049,0.01,4.033,0.768,0.722,12.739,3.76,0.596,6.441,3.444,6.785,20.406,3.952,4.185,4.899,2.253,4.616,6.393,0.093,6.173,9.308,29.938,62.226,3.125,19.237,0.273,25.668,10.779,44.282,32.104,16.124,12.193,27.525,0.565,1.382,4.193,24.958,8.847,11.821,1.048,3.075,11.855,69.099,42.095,48.846,3.91,18.173,0.404,0.764,46.583,5.318,0.076,1.051,10.953,0.119,27.037,1.106,9.7,1.526,52.054,2.318,19.151,0.046,8.566,18.503,8.622,20.396,5.074,0.744,0.062,1.967,1.946,1.168,41.149,11.751,0.471,4.296,2.072,1.781,27.469,6.355,8.959,9.381,1.552,8.214,13.979,28.342,20.193,27.967,1.206,0.499,2.212,12.194,2.418,4.703,5.534,10.892,21.48,38.508,3.197,1.568,34.433,14.084,5.595,12.839,8.95,0.182,0.284,44.509,5.391,1.509,23.245,31.13,23.019,5.49,10.784,17.041,12.951,11.495,57.231,2.096,5.865,5.439,1.131,4.86,0.648
129.COM.130,COM of 130,0,SYN.35,12.281,0.297,0.172,1.342,0.04,11.545,4.006,0.15,4.084,7.155,10.183,11.731,0.02,0.417,30.263,15.883,4.097,1.004,2.653,3.409,15.979,13.443,19.95,1.224,3.183,0.238,0.234,10.192,6.258,1.619,24.603,11.358,9.618,0.435,8.556,2.397,29.055,0.026,2.742,25.96,2.179,0.079,1.648,0.056,2.548,5.584,1.868,0.237,8.532,0.11,0.201,1.342,0.825,0.517,0.392,0.674,0.124,13.318,1.208,29.13,2.114,12.935,0.051,3.412,1.191,2.301,0.189,1.608,3.878,0.61,12.468,8.638,0.793,9.056,1.776,28.979,0.354,0.085,0.291,5.868,1.616,0.291,6.526,1.953,0.071,14.743,8.722,0.558,6.376,1.783,0.488,2.113,8.006,2.15,0.835,2.554,1.063,1.017,18.019,2.149,12.702,0.926,11.246,10.703,0.52,4.97,5.414,17.035,2.636,6.043,2.537,3.043,3.361,5.951,1.155,20.359,0.137,5.448,0.514,3.902,6.434,22.094,0.441,0.015,0.02,0.008,2.013,0.358,0.558,1.059,1.914,0.172,3.017,3.238,2.127,10.925,1.825,3.088,2.565,1.394,2.414,5.462,0.03,2.871,1.286,25.582,36.262,2.37,11.987,0.002,24.965,10.635,26.236,15.771,5.481,7.948,5.181,0.447,0.106,4.065,4.061,3.216,2.222,0.957,2.038,8.273,53.702,17.792,32.775,0.114,17.748,0.321,0.066,25.577,4.981,0.037,0.747,0.8,0.109,10.652,0.065,8.442,0.111,4.51,0.98,11.833,0.044,4.921,5.241,6.341,16.026,2.478,0.383,0.035,1.085,0.001,0.449,13.08,0.234,0.416,0.482,0.926,1.249,1.376,4.785,3.949,7.012,0.652,0.135,6.735,13.452,13.69,2.627,0.831,0.465,0.197,7.715,1.389,0.518,1.38,9.178,15.872,36.251,0.902,1.507,33.382,0.602,0.363,7.894,7.645,0.052,0.18,3.959,2.241,0.967,14.417,29.213,1.907,1.451,6.857,12.179,1.679,4.711,31.88,0.651,3.888,1.476,0.662,0.069,0.512
133.COM.SYN.35,COM of SYN.35,0,SYN.34,58.575,0.33,0.495,1.348,5.414,10.298,7.864,28.553,34.263,24.223,18.952,9.478,0.207,1.795,3.379,61.344,3.897,5.362,14.317,32.023,0.488,1.692,7.153,0.141,8.663,6.101,2.564,9.812,23.342,31.363,2.731,9.798,0.169,3.385,43.726,0.993,57.218,0.052,6.59,44.311,15.384,11.413,11.655,41.404,15.62,7.412,3.625,0.076,5.995,3.482,17.647,14.136,6.733,4.653,0.544,1.548,17.694,37.841,0.005,8.965,2.814,1.531,0.327,54.716,33.244,1.307,0.603,8.728,7.429,3.006,28.189,27.181,8.091,6.381,5.877,5.201,2.057,0.637,5.951,5.512,4.368,5.692,12.929,1.351,4.268,18.846,19.125,6.11,19.346,4.811,3.372,6.034,5.139,1.087,7.595,3.985,2.168,0.484,5.898,1.738,10.053,46.879,45.819,4.906,24.012,2.274,0.279,37.692,18.131,13.719,31.904,0.877,0.614,18.859,4.496,3.978,1.048,30.122,12.941,4.149,24.447,10.597,0.165,48.554,0.167,0.363,58.229,0.071,4.019,46.669,2.187,1.356,43.354,13.255,1.456,0.377,0.503,1.904,0.705,1.529,3.649,7.722,0.906,8.438,22.323,12.71,14.727,9.607,11.553,0.076,9.75,25.619,2.325,21.215,76.977,35.765,1.737,11.298,11.126,14.917,10.692,20.406,0.813,3.33,0.316,35.387,22.364,14.218,8.569,15.891,21.065,1.994,0.077,3.712,1.97,7.069,22.114,3.539,0.775,7.374,19.731,2.819,10.029,6.412,1.068,5.6,3.779,12.007,20.662,1.793,21.36,15.07,2.747,3.508,1.324,2.404,1.282,12.832,40.449,0.372,0.504,13.346,2.673,2.55,6.294,0.541,57.276,0.83,40.838,7.128,29.368,8.496,9.346,8.292,1.109,7.729,18.513,3.501,17.985,3.026,10.273,6.602,46.559,11.236,0.453,0.944,5.576,0.104,0.363,13.44,1.444,0.708,19.34,8.98,1.899,3.118,6.435,7.285,40.917,6.241,28.054,7.554,2.181,34.759,1.053,64.074,45.266,1.982,1.583,3.299
130,% of SYN.35,0,SYN.35,12.628,0.135,0.51,1.591,5.975,7.186,0.514,1.229,42.909,44.842,32.196,0.02,0.009,0.029,3.773,2.925,3.396,25.692,1.89,30.645,30.524,0.2,5.069,0.04,2.235,0.707,2.139,1.082,66.658,20.761,0.673,5.198,10.487,4.538,16.832,5.063,6.488,0.001,2.19,4.077,14.384,3.756,0.995,3.252,2.074,1.342,0.662,1.276,0.481,0.096,0.167,0.363,0.353,0.214,0.267,1.08,0.486,7.407,0.051,3.018,0.684,1.517,0.032,0.475,3.924,0.817,0.895,0.776,41.706,0.565,17.828,3.31,0.097,0.514,1.172,10.738,0.163,0.218,0.009,0.066,7.33,2.357,3.981,0.099,0.071,15.435,2.071,1.854,4.138,3.478,1.029,7.335,0.47,1.104,4.464,0.326,0.009,0.289,9.13,2.39,3.181,0.149,0.051,3.924,22.84,0.758,2.488,16.133,2.614,0.268,15.517,6.004,10.175,6.285,0.104,10.616,0.266,6.459,2.343,2.331,1.562,1.009,1.895,1.345,0.029,0.001,2.021,0.411,0.165,11.679,1.846,0.424,3.424,0.205,4.658,9.481,2.127,1.097,2.334,0.859,2.203,0.93,0.063,3.302,8.022,4.356,25.965,0.754,7.249,0.271,0.704,0.144,18.046,16.332,10.643,4.245,22.344,0.118,1.276,0.129,20.897,5.631,9.599,0.091,1.037,3.582,15.398,24.303,16.071,3.796,0.425,0.083,0.699,21.006,0.338,0.039,0.304,10.153,0.01,16.385,1.041,1.258,1.416,47.543,1.338,7.317,0.003,3.645,13.262,2.282,4.37,2.595,0.362,0.027,0.882,1.945,0.718,28.069,11.517,0.055,3.813,1.146,0.532,26.093,1.57,5.009,2.369,0.9,8.079,7.244,14.89,6.503,25.339,0.375,0.034,2.015,4.479,1.029,4.186,4.154,1.714,5.608,2.257,2.295,0.061,1.051,13.481,5.232,4.946,1.304,0.13,0.104,40.55,3.15,0.542,8.828,1.917,21.112,4.038,3.927,4.862,11.273,6.784,25.351,1.445,1.977,3.964,0.469,4.79,0.136
SYNCOM.SYN.34,COM of SYN.34,0,SYNCOM.123,6.821,0.823,1.158,4.301,81.163,19.664,8.535,51.256,9.614,12.826,21.135,31.692,51.809,70.665,27.385,0.092,19.502,8.279,5.243,0.975,35.702,69.636,6.19,8.225,8.584,19.944,12.621,4.518,0.992,17.877,15.009,4.46,77.354,0.444,8.471,0.423,7.128,4.166,8.673,10.485,32.877,34.748,12.208,51.498,51.435,37.492,4.97,94.768,67.807,27.386,10.847,4.563,28.064,85.185,1.663,50.386,14.185,30.409,3.843,21.142,2.373,45.121,0.787,40.3,15.379,41.678,12.939,26.725,14.69,3.147,16.005,37.599,8.571,25.065,9.375,26.32,8.208,3.836,50.727,19.124,68.412,55.083,18.028,20.83,2.692,25.809,62.414,73.473,2.926,14.532,15.348,25.74,2.637,30.479,53.657,78.311,17.272,49.455,52.926,15.277,2.349,17.099,25.317,22.59,8.003,0.22,29.877,8.61,6.546,75.251,25.966,27.463,9.016,6.959,28.295,11.395,5.746,49.092,50.589,24.468,4.931,30.617,23.981,32.99,0.34,14.996,24.369,2.704,24.802,12.48,56.676,25.631,13.972,29.342,64.523,9.707,26.822,1.551,26.969,18.568,22.551,1.948,27.937,2.153,18.309,40.442,6.401,49.502,23.843,58.615,9.947,40.164,25.372,32.913,4.24,32.072,1.674,39.691,0.682,76.577,5.74,20.366,15.844,53.418,46.491,7.319,4.057,36.103,17.045,74.41,32.787,1.096,3.587,42.172,49.376,27.235,22.849,5.339,9.071,37.236,22.36,9.045,6.864,21.58,6.923,36.988,23.516,5.164,55.385,3.176,0.249,65.765,52.711,20.015,43.381,22.524,0.656,8.882,1.778,6.842,1.438,1.975,12.373,11.438,0.562,1.483,8.897,18.123,30.658,7.924,18.48,69.332,16.652,48.193,85.437,14.007,55.74,40.201,58.707,58.118,5.325,38.366,9.973,11.978,34.657,8.557,10.54,3.101,4.51,17.568,36.796,1.652,13.652,20.628,40.31,3.449,0.801,63.161,28.892,6.387,30.249,12.504,4.445,3.35,44.029,29.288,19.081,33.139,4.619,5.907
136,% of SYNCOM.SYN.34,0,SYNCOM.SYN.34,3.341,0.046,0.332,0.726,7.782,1.329,7.435,22.311,2.079,6.426,19.376,9.371,21.737,1.158,4.839,0.053,6.291,3.618,1.393,0.577,12.922,32.366,4.04,5.785,8.543,13.37,0.648,2.364,0.023,4.467,10.374,0.654,9.535,0.216,6.859,0.124,0.78,3.064,0.381,5.666,9.618,14.52,11.881,19.668,46.839,37.324,4.455,14.152,44.163,2.153,1.282,2.877,2.756,12.878,0.5,29.97,8.19,14.873,3.588,7.776,1.419,0.127,0.157,39.344,14.682,22.279,4.453,9.597,4.223,0.848,0.166,11.252,4.494,15.46,3.364,9.106,1.849,0.247,3.485,17.573,30.528,0.194,1.878,17.787,1.022,10.344,50.061,58.33,0.816,10.739,8.044,2.184,0.418,21.735,45.408,61.988,10.217,19.156,6.752,6.03,0.852,1.848,16.376,21.124,2.822,0.082,25.178,1.065,2.111,14.232,18.874,15.606,4.883,4.581,3.793,4.586,5.118,38.441,11.686,17.939,3.764,7.454,8.944,6.086,0.104,9.043,2.288,2.036,4.28,4.642,33.694,0.393,12.477,23.941,14.413,9.307,24.519,0.974,2.88,16.927,8.518,0.068,20.187,0.288,3.993,2.278,2.418,13.413,17.443,54.442,4.681,10.337,10.283,0.832,2.033,22.815,0.338,35.157,0.491,18.626,5.115,17,13.044,46.39,14.461,4.457,2.744,8.445,13.816,66.747,18.501,0.999,1.418,29.203,4.126,19.216,12.442,1.223,1.751,3.473,14.46,7.362,3.911,1.077,3.987,36.976,3.379,0.99,13.998,2.679,0.173,14.857,44.383,4.759,35.289,7.569,0.508,7.361,1.279,2.558,0.112,1.457,6.952,7.698,0.463,0.651,1.315,0.737,0.622,6.397,4.401,7.604,15.616,3.853,54.867,4.168,50.598,19.706,25.159,30.941,0.795,7.221,3.623,2.883,3.68,0.453,2.713,1.368,3.307,6.461,34.077,0.881,11.35,4.975,20.132,2.778,0.067,33.656,13.436,3.772,25.921,6.751,4.231,1.574,32.332,21.67,0.349,5.772,2.154,2.208
135.COM.136,COM of 136,0,SYNCOM.SYN.34,3.48,0.777,0.826,3.576,73.381,18.336,1.1,28.946,7.535,6.4,1.759,22.321,30.072,69.506,22.546,0.039,13.211,4.661,3.849,0.398,22.779,37.269,2.151,2.44,0.04,6.574,11.973,2.153,0.969,13.41,4.635,3.806,67.819,0.228,1.612,0.299,6.347,1.103,8.292,4.819,23.259,20.227,0.328,31.83,4.597,0.168,0.515,80.616,23.644,25.232,9.565,1.686,25.308,72.307,1.163,20.416,5.994,15.536,0.255,13.365,0.953,44.994,0.63,0.956,0.697,19.398,8.486,17.128,10.467,2.299,15.839,26.347,4.077,9.605,6.011,17.214,6.359,3.589,47.242,1.551,37.884,54.889,16.15,3.043,1.67,15.465,12.353,15.143,2.11,3.793,7.304,23.556,2.218,8.745,8.249,16.323,7.055,30.3,46.174,9.247,1.498,15.251,8.941,1.466,5.18,0.138,4.699,7.545,4.435,61.019,7.092,11.857,4.133,2.378,24.502,6.809,0.628,10.65,38.904,6.529,1.166,23.162,15.037,26.904,0.236,5.954,22.081,0.668,20.522,7.838,22.982,25.238,1.494,5.401,50.11,0.401,2.303,0.577,24.089,1.641,14.033,1.88,7.75,1.866,14.316,38.164,3.983,36.088,6.4,4.173,5.266,29.827,15.089,32.081,2.208,9.257,1.337,4.534,0.191,57.951,0.625,3.366,2.8,7.028,32.029,2.862,1.313,27.658,3.23,7.662,14.287,0.097,2.169,12.968,45.25,8.02,10.406,4.115,7.32,33.763,7.9,1.683,2.953,20.503,2.937,0.013,20.138,4.173,41.387,0.497,0.076,50.908,8.327,15.256,8.092,14.955,0.148,1.521,0.499,4.285,1.326,0.518,5.421,3.74,0.099,0.831,7.582,17.386,30.036,1.527,14.079,61.728,1.036,44.339,30.57,9.839,5.142,20.495,33.548,27.177,4.53,31.144,6.35,9.095,30.977,8.104,7.827,1.733,1.203,11.107,2.719,0.771,2.302,15.654,20.178,0.671,0.734,29.505,15.456,2.615,4.328,5.753,0.215,1.776,11.697,7.617,18.732,27.367,2.465,3.699
139.EQ.130,EQ to 130,0,SYN.35,12.628,0.135,0.51,1.591,5.975,7.186,0.514,1.229,42.909,44.842,32.196,0.02,0.009,0.029,3.773,2.925,3.396,25.692,1.89,30.645,30.524,0.2,5.069,0.04,2.235,0.707,2.139,1.082,66.658,20.761,0.673,5.198,10.487,4.538,16.832,5.063,6.488,0.001,2.19,4.077,14.384,3.756,0.995,3.252,2.074,1.342,0.662,1.276,0.481,0.096,0.167,0.363,0.353,0.214,0.267,1.08,0.486,7.407,0.051,3.018,0.684,1.517,0.032,0.475,3.924,0.817,0.895,0.776,41.706,0.565,17.828,3.31,0.097,0.514,1.172,10.738,0.163,0.218,0.009,0.066,7.33,2.357,3.981,0.099,0.071,15.435,2.071,1.854,4.138,3.478,1.029,7.335,0.47,1.104,4.464,0.326,0.009,0.289,9.13,2.39,3.181,0.149,0.051,3.924,22.84,0.758,2.488,16.133,2.614,0.268,15.517,6.004,10.175,6.285,0.104,10.616,0.266,6.459,2.343,2.331,1.562,1.009,1.895,1.345,0.029,0.001,2.021,0.411,0.165,11.679,1.846,0.424,3.424,0.205,4.658,9.481,2.127,1.097,2.334,0.859,2.203,0.93,0.063,3.302,8.022,4.356,25.965,0.754,7.249,0.271,0.704,0.144,18.046,16.332,10.643,4.245,22.344,0.118,1.276,0.129,20.897,5.631,9.599,0.091,1.037,3.582,15.398,24.303,16.071,3.796,0.425,0.083,0.699,21.006,0.338,0.039,0.304,10.153,0.01,16.385,1.041,1.258,1.416,47.543,1.338,7.317,0.003,3.645,13.262,2.282,4.37,2.595,0.362,0.027,0.882,1.945,0.718,28.069,11.517,0.055,3.813,1.146,0.532,26.093,1.57,5.009,2.369,0.9,8.079,7.244,14.89,6.503,25.339,0.375,0.034,2.015,4.479,1.029,4.186,4.154,1.714,5.608,2.257,2.295,0.061,1.051,13.481,5.232,4.946,1.304,0.13,0.104,40.55,3.15,0.542,8.828,1.917,21.112,4.038,3.927,4.862,11.273,6.784,25.351,1.445,1.977,3.964,0.469,4.79,0.136
140.EQ.129.COM.130,EQ to 129.COM.130,0,SYN.35,12.281,0.297,0.172,1.342,0.04,11.545,4.006,0.15,4.084,7.155,10.183,11.731,0.02,0.417,30.263,15.883,4.097,1.004,2.653,3.409,15.979,13.443,19.95,1.224,3.183,0.238,0.234,10.192,6.258,1.619,24.603,11.358,9.618,0.435,8.556,2.397,29.055,0.026,2.742,25.96,2.179,0.079,1.648,0.056,2.548,5.584,1.868,0.237,8.532,0.11,0.201,1.342,0.825,0.517,0.392,0.674,0.124,13.318,1.208,29.13,2.114,12.935,0.051,3.412,1.191,2.301,0.189,1.608,3.878,0.61,12.468,8.638,0.793,9.056,1.776,28.979,0.354,0.085,0.291,5.868,1.616,0.291,6.526,1.953,0.071,14.743,8.722,0.558,6.376,1.783,0.488,2.113,8.006,2.15,0.835,2.554,1.063,1.017,18.019,2.149,12.702,0.926,11.246,10.703,0.52,4.97,5.414,17.035,2.636,6.043,2.537,3.043,3.361,5.951,1.155,20.359,0.137,5.448,0.514,3.902,6.434,22.094,0.441,0.015,0.02,0.008,2.013,0.358,0.558,1.059,1.914,0.172,3.017,3.238,2.127,10.925,1.825,3.088,2.565,1.394,2.414,5.462,0.03,2.871,1.286,25.582,36.262,2.37,11.987,0.002,24.965,10.635,26.236,15.771,5.481,7.948,5.181,0.447,0.106,4.065,4.061,3.216,2.222,0.957,2.038,8.273,53.702,17.792,32.775,0.114,17.748,0.321,0.066,25.577,4.981,0.037,0.747,0.8,0.109,10.652,0.065,8.442,0.111,4.51,0.98,11.833,0.044,4.921,5.241,6.341,16.026,2.478,0.383,0.035,1.085,0.001,0.449,13.08,0.234,0.416,0.482,0.926,1.249,1.376,4.785,3.949,7.012,0.652,0.135,6.735,13.452,13.69,2.627,0.831,0.465,0.197,7.715,1.389,0.518,1.38,9.178,15.872,36.251,0.902,1.507,33.382,0.602,0.363,7.894,7.645,0.052,0.18,3.959,2.241,0.967,14.417,29.213,1.907,1.451,6.857,12.179,1.679,4.711,31.88,0.651,3.888,1.476,0.662,0.069,0.512
141.EQ.133.COM.SYN.35,EQ to 133.COM.SYN.35,0,SYN.34,58.575,0.33,0.495,1.348,5.414,10.298,7.864,28.553,34.263,24.223,18.952,9.478,0.207,1.795,3.379,61.344,3.897,5.362,14.317,32.023,0.488,1.692,7.153,0.141,8.663,6.101,2.564,9.812,23.342,31.363,2.731,9.798,0.169,3.385,43.726,0.993,57.218,0.052,6.59,44.311,15.384,11.413,11.655,41.404,15.62,7.412,3.625,0.076,5.995,3.482,17.647,14.136,6.733,4.653,0.544,1.548,17.694,37.841,0.005,8.965,2.814,1.531,0.327,54.716,33.244,1.307,0.603,8.728,7.429,3.006,28.189,27.181,8.091,6.381,5.877,5.201,2.057,0.637,5.951,5.512,4.368,5.692,12.929,1.351,4.268,18.846,19.125,6.11,19.346,4.811,3.372,6.034,5.139,1.087,7.595,3.985,2.168,0.484,5.898,1.738,10.053,46.879,45.819,4.906,24.012,2.274,0.279,37.692,18.131,13.719,31.904,0.877,0.614,18.859,4.496,3.978,1.048,30.122,12.941,4.149,24.447,10.597,0.165,48.554,0.167,0.363,58.229,0.071,4.019,46.669,2.187,1.356,43.354,13.255,1.456,0.377,0.503,1.904,0.705,1.529,3.649,7.722,0.906,8.438,22.323,12.71,14.727,9.607,11.553,0.076,9.75,25.619,2.325,21.215,76.977,35.765,1.737,11.298,11.126,14.917,10.692,20.406,0.813,3.33,0.316,35.387,22.364,14.218,8.569,15.891,21.065,1.994,0.077,3.712,1.97,7.069,22.114,3.539,0.775,7.374,19.731,2.819,10.029,6.412,1.068,5.6,3.779,12.007,20.662,1.793,21.36,15.07,2.747,3.508,1.324,2.404,1.282,12.832,40.449,0.372,0.504,13.346,2.673,2.55,6.294,0.541,57.276,0.83,40.838,7.128,29.368,8.496,9.346,8.292,1.109,7.729,18.513,3.501,17.985,3.026,10.273,6.602,46.559,11.236,0.453,0.944,5.576,0.104,0.363,13.44,1.444,0.708,19.34,8.98,1.899,3.118,6.435,7.285,40.917,6.241,28.054,7.554,2.181,34.759,1.053,64.074,45.266,1.982,1.583,3.299
143.EQ.123+(SYNCOM.123*SYNCOM.SYN.34),123 plus SYNCOM.SYN.34,0,100,16.516,99.238,98.822,95.719,88.571,70.971,87.617,70.068,18.744,23.78,38.67,78.77,99.764,97.758,62.584,19.847,88.609,67.942,81.14,33.922,53.008,84.666,67.828,98.595,85.919,92.954,95.064,78.914,3.742,46.257,71.993,73.645,79.726,91.643,30.887,91.547,7.239,99.92,88.479,25.652,68.053,84.752,85.702,55.288,79.759,85.662,93.845,98.41,84.992,96.311,81.985,84.159,92.089,94.617,98.798,96.698,81.696,41.433,98.736,58.887,94.388,84.017,99.59,41.397,61.641,95.575,98.313,88.889,46.987,95.819,41.515,60.87,91.02,84.049,91.175,55.082,97.426,99.059,93.75,88.554,86.686,91.66,76.564,96.596,95.589,50.976,70.082,91.478,70.14,89.927,95.112,84.519,86.384,95.659,87.106,93.135,96.76,98.209,66.953,93.723,74.064,52.046,42.885,80.466,52.627,91.998,91.819,29.14,76.62,79.969,50.041,90.076,85.85,68.905,94.245,65.047,98.549,57.971,84.202,89.617,67.557,66.3,97.498,50.086,99.783,99.627,37.738,99.16,95.259,40.593,94.053,98.048,50.205,83.301,91.759,79.217,95.545,93.912,94.395,96.218,91.734,85.885,99.001,85.39,68.369,57.353,23.046,87.268,69.21,99.651,64.581,63.601,53.392,46.682,6.899,52.042,70.738,88.137,87.492,80.89,64.35,70.747,87.367,95.623,96.609,52.758,8.537,43.687,42.584,80.199,60.762,97.601,99.159,49.704,92.711,92.855,76.835,85.507,99.106,65.589,79.163,87.481,88.445,41.534,96.615,75.249,96.174,79.427,60.835,89.584,58.244,79.857,96.509,96.43,96.709,95.651,97.551,46.019,47.8,99.158,95.2,84.582,95.545,69.981,87.35,90.5,33.343,97.618,50.948,78.892,42.29,71.311,62.687,90.502,98.392,90.059,69.293,94.081,77.312,91.44,78.835,71.917,14.933,85.567,97.979,64.624,80.341,94.301,86.798,77.61,98.374,99.008,36.151,85.629,96.592,73.637,62.435,69.696,53.593,82.975,54.905,79.494,86.324,8.01,96.851,30.06,49.294,96.887,93.557,96.053
144,0 to +5%/yr,0,5,0.322,0.704,1.465,3.849,3.574,3.748,2.224,1.328,4.229,4.473,1.075,1.603,1.702,3.067,1.19,4.742,1.135,1.836,4.712,1.104,4.864,0.236,2.975,2.974,3.663,4.588,0.822,0.331,2.579,1.872,3.488,0.246,2.338,3.601,4.452,4.386,0.892,4.626,3.427,1.073,4.839,4.567,1.714,4.588,3.161,1.382,1.258,0.031,3.003,4.047,1.705,4.851,4.758,0.4,2.411,1.366,2.768,1.304,1.495,4.912,3.627,4.787,4.501,4.781,3.049,3.711,0.681,1.926,0.303,1.423,2.122,3.103,0.352,0.847,0.122,1.89,4.498,3.694,4.117,0.117,0.501,2.58,0.182,4.932,0.996,1.976,0.779,3.008,4.266,2.183,0.093,0.767,4.909,0.005,0.331,4.672,2.443,0.988,3.029,4.443,4.312,4.437,2.733,1.147,4.386,2.842,3.815,3.928,2.547,4.35,2.024,1.831,0.146,4.586,1.109,3.588,2.696,1.757,4.431,1.923,2.743,2.911,2.622,0.642,4.76,4.904,3.228,3.775,2.778,0.992,0.082,4.249,2.759,2.584,3.908,2.185,3.745,0.251,3.264,3.522,1.091,0.716,0.34,3.022,0.567,4.211,1.09,0.453,4.034,1.563,4.583,2.478,2.594,3.171,4.846,2.391,3.514,4.266,2.019,1.475,4.865,2.864,1.89,1.465,4.421,0.29,3.032,2.892,4.866,1.611,1.237,0.234,3.569,4.511,0.483,4.877,2.978,0.599,3.856,0.512,1.854,0.52,1.605,3.701,1.125,1.066,0.34,4.781,0.032,1.753,4.147,0.492,0.026,0.165,0.213,4.853,4.199,3.833,0.776,2.885,0.778,0.218,3.145,4.117,4.666,2.574,3.443,2.472,2.423,1.881,2.197,2.714,2.534,1.095,1.767,1.857,2.941,4.764,2.395,3.925,0.654,4.621,0.039,2.733,1.221,1.383,4.281,0.814,4.783,2.7,0.254,3.274,0.002,1.666,3.929,3.626,4.653,0.733,0.541,3.518,0.917,2.371,3.862,3.358,1.008,0.958,0.747,1.64,1.413,1.958
148,90%,0,90,67.808,84.722,46.836,84.819,19.119,46.012,0.037,21.052,32.581,20.118,24.796,65.322,43.032,21.394,17.742,74.104,23.069,15.737,56.027,69.01,15.747,67.066,68.181,71.797,1.417,18.874,26.747,60.361,15.887,60.319,50.214,80.579,21.172,17.497,88.45,24.502,31.897,36.812,81.347,87.048,85.032,62.758,34.106,57.506,66.271,45.655,55.268,89.818,35.273,29.833,49.221,20.258,23.507,5.12,6.621,42.295,53.36,57.103,2.044,71.703,1.398,79.283,64.059,49.641,71.641,47.127,48.395,6.748,10.157,13.547,31.548,67.355,61.229,84.79,80.478,45.217,31.652,11.405,10.744,58.638,22.751,7.056,27.68,47.587,2.744,66.728,10.296,2.298,86.602,38.828,10.431,44.145,5.229,3.579,52.629,53.672,50.142,11.996,79.885,77.694,82.572,16.18,1.466,44.069,0.559,69.894,0.421,57.342,10.771,21.844,49.566,30.774,7.184,23.176,41.927,17.217,86.379,84.413,42.316,82.304,72.815,40.13,88.525,63.672,47.874,52.381,5.475,31.226,53.115,26.361,37.312,41.251,67.059,50.443,76.226,40.186,39.444,80.126,66.975,10.405,57.529,1.816,2.35,28.83,1.143,18.264,21.113,49.961,66.36,8.471,23.363,57.322,26.567,23.701,60.38,88.907,69.264,68.438,59.773,76.703,76.357,64.152,11.2,23.988,69.82,41.568,69.824,36.558,9.086,73.735,88.164,49.379,78.394,51.538,73.827,1.394,2.734,75.997,85.586,39.38,65.895,18.337,86.827,41.349,33.408,11.931,11.479,10.08,81.708,36.69,61.949,34.193,46.523,29.147,55.94,68.479,55.565,66.515,4.42,3.524,67.303,14.809,52.192,70.479,75.758,27.178,66.131,88.409,87.512,27.507,10.955,36.503,54.836,19.629,76.581,32.401,68.86,3.591,16.148,46.033,80.204,20.899,41.353,66.07,53.409,36.891,44.089,49.644,0.021,42.1,21.428,37.894,12.179,86.361,80.763,62.871,20.73,58.911,46.005,24.307,9.096,71.804,0.619,71.343,86.483,37.156,56.069,28.262,31.144,29.875
149.EQ.148,EQ to 148,0,90,67.808,84.722,46.836,84.819,19.119,46.012,0.037,21.052,32.581,20.118,24.796,65.322,43.032,21.394,17.742,74.104,23.069,15.737,56.027,69.01,15.747,67.066,68.181,71.797,1.417,18.874,26.747,60.361,15.887,60.319,50.214,80.579,21.172,17.497,88.45,24.502,31.897,36.812,81.347,87.048,85.032,62.758,34.106,57.506,66.271,45.655,55.268,89.818,35.273,29.833,49.221,20.258,23.507,5.12,6.621,42.295,53.36,57.103,2.044,71.703,1.398,79.283,64.059,49.641,71.641,47.127,48.395,6.748,10.157,13.547,31.548,67.355,61.229,84.79,80.478,45.217,31.652,11.405,10.744,58.638,22.751,7.056,27.68,47.587,2.744,66.728,10.296,2.298,86.602,38.828,10.431,44.145,5.229,3.579,52.629,53.672,50.142,11.996,79.885,77.694,82.572,16.18,1.466,44.069,0.559,69.894,0.421,57.342,10.771,21.844,49.566,30.774,7.184,23.176,41.927,17.217,86.379,84.413,42.316,82.304,72.815,40.13,88.525,63.672,47.874,52.381,5.475,31.226,53.115,26.361,37.312,41.251,67.059,50.443,76.226,40.186,39.444,80.126,66.975,10.405,57.529,1.816,2.35,28.83,1.143,18.264,21.113,49.961,66.36,8.471,23.363,57.322,26.567,23.701,60.38,88.907,69.264,68.438,59.773,76.703,76.357,64.152,11.2,23.988,69.82,41.568,69.824,36.558,9.086,73.735,88.164,49.379,78.394,51.538,73.827,1.394,2.734,75.997,85.586,39.38,65.895,18.337,86.827,41.349,33.408,11.931,11.479,10.08,81.708,36.69,61.949,34.193,46.523,29.147,55.94,68.479,55.565,66.515,4.42,3.524,67.303,14.809,52.192,70.479,75.758,27.178,66.131,88.409,87.512,27.507,10.955,36.503,54.836,19.629,76.581,32.401,68.86,3.591,16.148,46.033,80.204,20.899,41.353,66.07,53.409,36.891,44.089,49.644,0.021,42.1,21.428,37.894,12.179,86.361,80.763,62.871,20.73,58.911,46.005,24.307,9.096,71.804,0.619,71.343,86.483,37.156,56.069,28.262,31.144,29.875
150,0 to +5%/yr,0,5,0.93,0.907,4.3,1.691,2.568,3.666,0.502,0.8,3.896,4.112,1.385,4.365,0.302,4.646,0.246,1.037,2.062,2.822,3.906,1.611,2.434,2.378,4.418,2.222,2.865,1.851,2.854,2.744,0.314,4.155,1.015,1.976,2.455,0.907,1.516,4.715,1.746,1.839,4.247,3.565,4.765,3.686,2.755,4.635,0.174,4.175,1.735,2.695,3.446,3.867,4.767,1.668,2.333,4.715,1.921,3.171,3.325,1.996,1.173,4.06,4.284,4.558,2.683,4.308,0.25,0.773,4.417,2.214,2.436,0.706,4.029,3.415,4.336,3.45,3.357,2.23,2.924,0.611,0.144,0.621,3.432,3.066,1.039,1.061,0.881,3.99,3.465,1.226,2.247,4.665,2.75,2.804,3.63,0.705,4.622,0.525,0.543,4.212,0.696,1.051,2.709,4.085,2.687,2.439,4.748,3.828,2.536,2.798,3.323,0.171,4.537,3.822,4.353,2.65,3.239,1.165,4.889,3.563,4.437,3.897,2.549,3.01,1.731,2.063,4.14,1.008,0.926,4.93,4.908,1.322,2.617,1.688,2.21,3.384,3.812,3.991,0.231,1.508,1.058,1.405,0.046,0.833,1.143,3.955,3.654,2.451,1.175,1.063,0.371,2.694,1.913,1.638,3.65,3.429,4.105,2.949,0.778,4.513,3.893,0.655,0.766,4.54,4.554,4.601,1.303,2.611,3.977,0.516,4.823,1.232,3.607,0.163,3.299,0.422,2.999,4.932,2.119,0.623,2.697,0.972,2.394,3.771,0.179,3.721,4.244,0.225,3.615,2.117,0.419,1.443,1.877,0.384,2.084,0.789,1.51,1.039,1.9,1.037,1.72,2.39,3.581,3.078,3.2,2.825,1.547,1.287,0.715,2.824,1.458,2.239,1.13,2.098,1.371,1.317,4.359,3.051,4.907,2.768,0.829,1.063,3.513,2.452,3.445,1.208,1.015,3.738,0.709,2.928,1.269,3.387,2.319,0.66,3.314,0.861,1.967,1.32,0.252,2.969,2.442,4.9,4.551,0.887,4.715,4.985,2.667,1.314,0.261,0.929,1.088,1.546
151,0 to +5%/yr,0,5,3.352,1.967,0.842,2.966,3.724,4.35,0.868,0.846,2.6,0.606,1.144,4.107,0.649,0.403,1.447,2.355,4.912,4.427,0.652,1.591,4.144,2.15,1.751,4.117,4.016,3.31,4.975,1.383,0.976,0.647,2.198,3.536,3.252,3.832,0.975,1.125,0.677,4.802,4.82,4.819,2.214,3.55,0.271,1.886,3.874,0.272,1.329,1.309,3.643,3.364,4.487,0.053,0.382,0.438,2.534,1.351,2.725,1.787,1.638,1.125,0.807,2.395,2.663,4.206,2.172,1.327,1.813,4.179,1.815,2.922,4.865,2.442,3.677,4.725,4.162,4.531,1.29,2.456,3.504,4.075,2.919,4.048,4.969,1.228,3.973,2.311,4.934,2.977,4.794,2.777,3.154,3.11,0.52,1.106,4.862,1.703,4.231,3.512,1.791,1.58,4.123,1.484,4.393,0.094,2.815,1.844,1.256,2.805,3.828,3.492,2.619,0.374,0.107,3.6,3.73,4.311,2.484,3.632,3.849,1.494,2.607,2.55,1.364,1.26,0.821,3.663,0.681,3.315,2.403,3.521,4.427,2.97,2.75,0.195,1.172,4.746,2.985,4.085,0.037,3.304,4.21,0.624,2.25,3.548,1.449,4.146,3.608,1.066,2.897,2.169,0.367,3.398,2.895,1.378,3.146,2.22,2.104,3.848,4.134,3.888,4.687,3.058,4.705,1.339,2.193,2.085,2.025,0.497,4.386,1.748,4.738,1.158,1.933,0.866,4.283,2.866,0.527,3.154,1.68,3.953,0.935,4.95,4.813,2.289,1.563,3.613,2.688,1.805,2.532,4.586,2.987,1.55,3.674,2.466,4.942,2.579,0.626,3.363,2.299,2.453,3.804,3.901,3.693,1.609,1.486,1.355,1.176,2.598,2.547,0.159,1.612,2.644,1.355,0.613,0.445,2.304,2.212,3.072,4.727,0.847,1.552,2.934,1.936,2.215,4.82,1.009,1.063,4.688,1.344,4.567,2.539,4.821,3.129,2.282,4.838,2.875,1.715,0.084,1.319,2.965,2.239,1.447,3.734,0.867,2.502,1.14,1.88,1.902,1.575,1.021
152,+/-5%,-5,5,2.388,-4.214,-3.739,0.293,-4.823,-0.941,-4.537,4.083,3.908,2.742,-0.01,-0.593,-3.131,-0.935,-3.028,2.031,-0.134,1.162,4.677,-1.744,-4.136,-4.172,-2.183,-2.836,-2.155,-3.749,-2.299,-2.758,-2.446,-0.414,3.475,-0.312,-2.277,2.133,1.131,2.133,-1.124,4.461,2.86,4.23,-1.064,1.062,1.301,-0.525,-3.71,-4.9,-0.501,0.816,-1.524,-4.267,0.68,1.823,4.412,4.088,-4.742,3.585,0.494,-4.54,2.002,-0.308,1.756,1.881,-2.716,0.846,-3.323,0.899,-2.817,4.857,3.559,0.268,0.664,0.003,0.61,1.709,4.921,-0.546,-4.089,0.883,-1.955,-0.909,0.813,-1.521,3.327,1.034,0.755,-4.496,2.298,-4.165,-2.459,-4.916,4.809,-3.307,-2.939,-1.917,-3.681,-0.199,4.739,-3.543,-4.114,0.059,1.231,-2.799,-2.423,0.865,2.334,2.721,-3.934,4.328,-3.186,3.251,-1.25,-3.449,-4.024,-2.034,-3.392,-3.108,4.241,-1.797,-3.759,3.583,-0.809,3.155,1.41,2.263,3.606,-1.232,-3.547,-4.21,-4.19,-2.955,0.469,4.645,-4.117,2.187,-1.807,1.651,0.923,-2.591,-1.905,4.309,-4.24,1.232,1.657,4.807,1.735,4.756,-0.264,-2.074,2.481,-4.967,-2.709,3.259,-0.529,-3.311,4.245,-0.75,-1.45,-3.756,-2.418,1.161,-0.294,1.354,-4.293,1.343,-1.57,4.343,2.782,-3.19,2.815,-4.069,-4.367,-0.486,-1.665,3.328,2.315,-1.687,1.548,4.771,3.883,3.542,4.117,-3.409,-3.736,3.606,0.761,-2.332,-1.401,1.199,4.327,-3.734,1.686,-2.176,-1.707,-0.296,0.139,0.143,1.273,-2.512,-4.059,-2.386,-3.103,3.145,-1.504,0.903,-2.819,-1.213,-0.177,-2.784,4.775,-1.202,-2.865,-0.986,4.926,-3.056,4.698,-1.959,-3.391,-3.324,-0.725,-2.07,-3.221,2.223,-2.725,-1.37,-1.242,-2.549,3.314,-0.332,-3.348,2.224,-0.616,-2.325,3.181,-1.33,2.119,-3.972,4.925,-0.899,4.801,-1.164,4.864,0.327,-1.884,-0.437,-1.642,-4.883,2.07,2.111,-0.71,1.845
153,0 to 100% of passenger km,0,100,28.691,46.137,46.269,40.374,16.346,28.35,67.683,12.355,97.175,87.296,74.031,0.012,71.658,65.103,77.411,71.088,30.577,96.079,29.132,68.578,18.617,37.73,67.706,16.312,54.727,41.108,99.82,8.873,85.03,51.591,0.396,18.593,75.641,26.189,39.909,31.245,80.635,7.318,84.79,78.335,51.858,90.256,34.843,81.6,8.871,91.352,75.542,0.545,27.787,58.808,83.187,2.788,45.397,29.128,89.254,1.501,66.019,26.494,97.783,82.241,60.348,57.959,21.485,37.157,2.397,11.414,23.781,65.829,24.494,32.897,34.155,59.177,5.38,31.47,92.842,78.506,78.247,90.474,40.931,7.288,74.278,6.416,80.315,36.211,44.402,70.343,54.255,91.817,89.976,28.87,34,31.717,13.468,54.679,38.444,28.48,49.545,51.682,50.445,77.018,29.899,22.689,50.744,91.171,60.184,75.646,80.727,27.835,0.072,82.012,27.497,47.247,46.164,43.258,44.772,35.177,91.647,82.252,41.892,31.109,60.602,17.564,15.841,84.67,75.694,65.893,80.142,44.63,42.515,43.985,56.857,46.924,23.767,94.1,10.035,41.843,76.973,97.295,86.151,5.317,34.289,5.669,14.399,43.372,73.374,96.509,80.334,65.776,86.801,83.251,99.177,32.796,66.543,79.851,76.433,20.174,19.492,90.438,32.632,87.188,0.351,66.112,17.621,67.495,0.603,86.525,70.625,37.64,64.006,73.469,17.712,53.055,49.418,56.148,40.855,56.383,87.938,48.509,3.045,45.114,13.959,67.779,3.016,53.013,29.872,28.257,37.314,51.874,85.074,5.271,53.566,40.281,73.7,8.96,35.028,52.745,98.323,56.751,80.659,94.619,88.106,26.869,93.37,7.705,17.3,8.986,53.153,41.263,46.718,89.445,10.356,82.04,88.418,66.646,31.031,87.731,2.082,26.262,3.016,98.288,57.628,90.016,27.378,1.903,65.819,93.385,50.68,57.826,98.574,73.23,82.812,67.945,36.841,90.122,21.35,72.234,49.654,81.507,69.985,44.488,94.722,83.063,75.378,84.826,1.589,45.412,47.555,81.829,60.751,37.775
SYNCOM.153,0 to 100% of passenger km,0,100,71.309,53.863,53.731,59.626,83.654,71.65,32.317,87.645,2.825,12.704,25.969,99.988,28.342,34.897,22.589,28.912,69.423,3.921,70.868,31.422,81.383,62.27,32.294,83.688,45.273,58.892,0.18,91.127,14.97,48.409,99.604,81.407,24.359,73.811,60.091,68.755,19.365,92.682,15.21,21.665,48.142,9.744,65.157,18.4,91.129,8.648,24.458,99.455,72.213,41.192,16.813,97.212,54.603,70.872,10.746,98.499,33.981,73.506,2.217,17.759,39.652,42.041,78.515,62.843,97.603,88.586,76.219,34.171,75.506,67.103,65.845,40.823,94.62,68.53,7.158,21.494,21.753,9.526,59.069,92.712,25.722,93.584,19.685,63.789,55.598,29.657,45.745,8.183,10.024,71.13,66,68.283,86.532,45.321,61.556,71.52,50.455,48.318,49.555,22.982,70.101,77.311,49.256,8.829,39.816,24.354,19.273,72.165,99.928,17.988,72.503,52.753,53.836,56.742,55.228,64.823,8.353,17.748,58.108,68.891,39.398,82.436,84.159,15.33,24.306,34.107,19.858,55.37,57.485,56.015,43.143,53.076,76.233,5.9,89.965,58.157,23.027,2.705,13.849,94.683,65.711,94.331,85.601,56.628,26.626,3.491,19.666,34.224,13.199,16.749,0.823,67.204,33.457,20.149,23.567,79.826,80.508,9.562,67.368,12.812,99.649,33.888,82.379,32.505,99.397,13.475,29.375,62.36,35.994,26.531,82.288,46.945,50.582,43.852,59.145,43.617,12.062,51.491,96.955,54.886,86.041,32.221,96.984,46.987,70.128,71.743,62.686,48.126,14.926,94.729,46.434,59.719,26.3,91.04,64.972,47.255,1.677,43.249,19.341,5.381,11.894,73.131,6.63,92.295,82.7,91.014,46.847,58.737,53.282,10.555,89.644,17.96,11.582,33.354,68.969,12.269,97.918,73.738,96.984,1.712,42.372,9.984,72.622,98.097,34.181,6.615,49.32,42.174,1.426,26.77,17.188,32.055,63.159,9.878,78.65,27.766,50.346,18.493,30.015,55.512,5.278,16.937,24.622,15.174,98.411,54.588,52.445,18.171,39.249,62.225
SYN.44,0 to 100% of passenger km,0,100,42.462,31.785,32.712,34.594,78.877,12.653,10.667,20.613,2.748,7.84,12.624,39.566,25.078,12.916,3.86,19.843,38.211,2.884,63.239,21.76,61.721,51.088,9.002,2.883,36.04,49.082,0.027,76.569,13.194,11.354,18.842,80.997,19.552,31.078,42.432,2.654,0.259,52.248,0.91,11.952,11.366,6.846,45.487,9.981,37.938,8.5,2.988,91.4,66.979,32.718,6.228,60.124,49.465,9.791,1.126,68.091,18.352,7.512,0.007,11.716,33.492,11.734,37.273,13.164,94.458,81.885,51.899,17.955,5.338,38.361,50.399,30.006,88.494,28.474,0.57,8.117,20.724,9.376,42.559,3.937,2.944,53.863,14.965,33.805,55.487,1.448,13.954,0.39,6.571,47.57,46.976,43.763,19.496,16.529,38.537,29.331,0.153,4.043,29.873,11.829,34.617,7.847,34.26,2.91,12.464,5.242,11.178,10.742,86.514,5.041,1.641,25.992,27.651,22.936,52.832,40.661,1.098,2.379,6.874,46.341,11.776,43.437,40.26,4.494,13.491,13.078,13.943,41.191,37.827,33.243,16.161,29.205,40.959,4.512,17.87,55.335,11.062,1.226,9.659,9.648,55.641,1.74,1.282,42.422,18.859,0.949,17.427,30.656,8.281,6.704,0.363,14.649,4.555,18.833,8.37,1.12,6.863,8.437,4.783,2.436,72.628,33.618,21.807,12.571,64.507,4.59,3.619,1.028,13.591,0.519,43.415,46.776,41.849,27.246,19.387,16.497,6.077,41.167,69.086,25.079,37.706,2.638,78.637,20.317,66.308,17.01,44.872,20.303,0.38,83.474,29.075,50.485,18.23,38.616,31.386,42.512,1.299,10.582,12.168,0.383,0.276,39.955,3.836,35.128,78.345,54.166,6.767,15.964,10.805,6.418,39.864,11.932,6.86,20.473,63.035,9.978,39.245,18.486,52.033,0.653,5.328,1.859,63.734,26.425,0.123,3.24,10.472,4.686,0.951,26.1,11.063,9.138,34.031,4.29,48.169,14.626,39.803,3.229,6.774,46.662,4.241,5.409,15.321,1.258,67.618,21.024,50.185,16.329,6.78,35.223
154,0 to 100% of passenger km,0,100,21.352,1.683,10.949,4.531,12.948,9.894,8.771,6.212,0.109,2.247,1.399,18.705,12.736,0.823,2.646,18.591,17.529,2.389,52.817,14.366,45.988,16.758,0.546,2.806,8.212,1.127,0.02,49.291,1.404,3.81,10.941,51.163,4.512,10.522,10.8,2.638,0.014,39.562,0.779,3.826,3.485,1.783,0.026,1.704,12.984,2.892,2.558,77.167,59.236,23.542,3.114,12.381,4.282,6.108,0.245,48.174,11.64,2.77,0.003,0.529,15.289,2.113,16.147,4.008,49.545,38.905,38.91,9.161,4.416,31.305,19.201,1.135,33.381,10.813,0.471,3.606,8.182,7.851,35.439,2.802,1.793,14.252,1.894,27.449,33.414,0.153,11.568,0.126,5.685,39.089,20.655,25.026,8.245,3.796,36.562,4.079,0.076,3.46,13.855,8.742,12.306,4.41,27.066,2.628,7.919,0.88,1.999,1.351,76.952,2.545,0.095,15.509,26.357,11.559,13.965,28.636,0.704,2.18,4.836,5.473,5.092,3.762,7.577,1.15,7.348,9.549,5.913,39.307,31.302,11.509,11.421,24.982,1.238,3.665,11.834,26.891,5.555,1.196,5.537,4.235,17.835,0.083,0.626,8.128,16.169,0.935,15.948,24.486,1.401,4.764,0.159,2.475,0.557,3.541,2.677,0.746,3.358,2.31,4.382,2.195,29.235,15.952,19.491,11.439,6.989,2.329,1.908,0.391,4.811,0.316,27.119,41.216,39.374,24.268,9.053,3.287,5.762,18.658,33.471,2.307,25.011,0.92,49.083,14.072,62.649,13.163,25.962,8.326,0.075,65.429,16.721,48.199,10.051,9.24,21.041,21.888,0.164,3.432,4.706,0.143,0.161,14.166,0.273,27.687,38.904,24.154,4.533,6.777,3.198,2.217,36.06,4.365,6.236,17.685,54.47,0.722,31.369,6.893,25.168,0.195,4.833,0.718,44.717,9.102,0.096,1.474,0.253,0.104,0.394,24.411,6.574,8.404,26.937,1.188,41.549,8.62,25.292,1.262,1.427,3.363,2.578,1.917,2.589,1.025,1.469,12.059,25.89,11.186,2.536,19.118
SYNCOM.SYN.44,0 to 100% of passenger km,0,100,28.846,22.078,21.019,25.033,4.777,58.997,21.65,67.032,0.076,4.864,13.345,60.422,3.264,21.981,18.729,9.068,31.212,1.037,7.629,9.662,19.663,11.182,23.291,80.805,9.233,9.81,0.153,14.559,1.776,37.056,80.762,0.41,4.807,42.733,17.659,66.102,19.105,40.433,14.3,9.714,36.776,2.897,19.67,8.419,53.191,0.149,21.469,8.055,5.234,8.474,10.585,37.089,5.138,61.081,9.62,30.407,15.629,65.994,2.209,6.043,6.16,30.307,41.242,49.679,3.145,6.701,24.32,16.216,70.168,28.742,15.446,10.816,6.126,40.056,6.589,13.377,1.028,0.15,16.51,88.776,22.778,39.721,4.72,29.984,0.111,28.209,31.791,7.793,3.453,23.56,19.024,24.52,67.036,28.791,23.019,42.19,50.302,44.276,19.683,11.153,35.485,69.463,14.996,5.919,27.352,19.112,8.095,61.423,13.414,12.947,70.862,26.761,26.185,33.806,2.396,24.162,7.255,15.37,51.234,22.55,27.623,38.999,43.9,10.836,10.815,21.029,5.915,14.178,19.658,22.772,26.982,23.872,35.274,1.388,72.095,2.822,11.965,1.479,4.19,85.035,10.07,92.591,84.319,14.206,7.767,2.541,2.238,3.569,4.917,10.044,0.46,52.556,28.901,1.316,15.197,78.706,73.644,1.125,62.585,10.376,27.021,0.271,60.572,19.934,34.889,8.885,25.756,61.332,22.403,26.012,38.873,0.169,8.733,16.606,39.759,27.121,5.985,10.324,27.869,29.808,48.335,29.583,18.347,26.67,3.821,54.734,17.814,27.823,14.546,11.256,17.359,9.233,8.071,52.424,33.586,4.742,0.378,32.666,7.173,4.997,11.618,33.177,2.794,57.167,4.354,36.849,40.08,42.773,42.476,4.137,49.78,6.027,4.722,12.881,5.933,2.291,58.673,55.252,44.952,1.059,37.044,8.125,8.888,71.673,34.058,3.375,38.847,37.489,0.475,0.67,6.125,22.918,29.127,5.588,30.481,13.14,10.544,15.264,23.24,8.85,1.037,11.528,9.301,13.916,30.793,33.564,2.26,1.842,32.469,27.002
SYN.46,0 to 100% of passenger km,0,100,0.743,9.954,16.119,24.964,3.914,9.793,18.289,5.275,0.037,1.832,6.454,21.425,0.556,12.363,7.802,8.583,28.09,0.333,3.809,9.364,4.368,6.12,18.904,22.926,7.705,3.994,0.146,4.179,0.418,31.41,17.221,0.166,2.587,16.022,1.913,16.308,17.199,33.002,7.031,5.466,16.231,0.762,10.234,2.004,8.632,0.09,8.666,6.158,2.57,2.086,4.529,28.734,0.184,13.266,5.776,26.189,10.356,39.842,0.122,4.279,0.937,4.262,36.298,23.942,2.286,0.195,4.923,2.976,53.296,0.738,0.264,2.942,4.448,8.854,2.568,9.429,0.218,0.11,4.848,80.366,3.624,17.264,1.744,28.637,0.073,7.422,23.65,6.641,3.365,21.091,3.488,15.272,64.103,10.145,22.288,2.973,14.471,10.823,10.867,1.591,33.224,29.715,3.891,1.324,26.433,4.444,2.602,58.682,8.23,12.002,64.07,15.377,3.635,24.064,0.524,20.533,4.548,4.143,47.805,17.297,0.96,10.461,33.299,10.206,3.955,7.965,3.99,13.834,15.802,20.261,20.65,23.587,26.714,0.8,8.418,0.631,5.518,1.017,0.586,14.879,5.304,8.468,65.745,4.305,4.328,0.255,2.233,2.825,0.934,2.962,0.322,6.223,14.887,0.868,5.871,65.658,66.458,0.09,52.251,0.558,4.611,0.243,33.244,14.799,21.347,5.545,23.614,20.858,10.508,2.666,21.618,0.035,2.016,5.935,0.09,20.096,4.22,0.473,8.282,6.372,37.812,5.415,7.266,16.335,2.874,14.098,8.765,23.434,14.487,8.998,3.967,8.135,5.49,24.747,13.44,4.677,0.028,27.455,5.368,4.483,2.408,25.03,1.656,45.16,4.197,13.671,5.64,39.003,25.315,2.506,21.374,0.887,4.594,5.429,4.55,0.066,52.781,2.301,0.7,0.994,3.84,3.974,5.842,11.825,11.478,1.051,10.805,16.34,0.236,0.247,4.544,11.27,6.844,4.393,28.085,10.06,7.575,7.844,19.529,8.091,0.743,11.147,1.859,2.376,19.647,2.955,1.648,1.472,2.484,1.764
155,0 to 100% of passenger km,0,100,0.592,8.26,9.232,24.624,2.397,4.499,12.292,3.995,0.002,0.99,2.944,5.846,0.54,10.363,1.881,5.697,19.881,0.034,3.595,5.071,0.119,3.972,5.397,11.487,4.175,2.188,0.088,3.68,0.309,20.781,2.002,0.033,0.953,5.777,1.277,7.918,7.604,27.808,7.018,4.121,3.109,0.614,5.185,0.344,1.706,0.075,4.098,5.819,1.79,0.697,0.469,24.454,0.179,12.473,2.58,19.075,9.609,15.25,0.06,1.556,0.521,1.433,22.008,7.716,0.444,0.043,1.337,2.899,9.142,0.196,0.229,2.096,0.107,0.269,2.132,2.892,0.038,0.082,1.235,31.853,1.03,9.026,0.54,9.199,0.054,2.366,23.455,5.567,1.124,9.129,2.682,12.256,10.56,3.622,0.635,1.965,12.262,2.914,4.572,0.688,10.361,28.17,3.009,0.624,5.968,1.021,2.076,54.923,6.919,3.55,15.633,1.117,3.437,2.454,0.442,2.001,1.059,0.616,0.447,2.192,0.105,2.77,7.994,6.173,3.538,2.586,1.024,0.6,1.059,8.249,19.292,19.858,3.529,0.278,3.411,0.591,0.232,0.367,0.093,11.615,2.746,2.098,45.739,0.511,0.418,0.202,1.36,2.43,0.12,2.58,0.108,1.533,11.428,0.614,4.525,47.161,18.036,0.03,9.142,0.386,2.958,0.031,4.269,13.271,5.847,4.296,15.993,3.659,4.638,1.375,6.613,0.02,0.614,4.152,0.077,6.362,1.567,0.197,3.808,2.138,33.525,1.649,3.732,1.49,1.355,9.87,0.344,8.636,12.966,3.809,0.784,6.632,3.665,18.876,10.969,0.999,0.027,1.461,2.616,3.484,2.225,20.172,1.455,15.953,3.295,3.29,0.677,18.191,18.133,1.168,9.882,0.545,3.001,4.385,3.863,0.036,27.535,0.757,0.626,0.27,3.053,3.123,0.049,3.727,3.668,0.124,6.12,5.161,0.144,0.149,2.102,9.367,1.231,1.122,9.624,6.471,3.565,3.771,8.632,7.492,0.112,7.442,1.111,2.062,13.354,0.971,1.539,1.24,1.881,1.64
156.SYNCOM.155,0 to 100% of passenger km,0,100,0.151,1.694,6.886,0.339,1.517,5.294,5.997,1.28,0.035,0.842,3.511,15.579,0.016,2,5.92,2.886,8.209,0.298,0.214,4.293,4.249,2.148,13.507,11.439,3.53,1.806,0.058,0.499,0.109,10.629,15.219,0.132,1.634,10.245,0.636,8.39,9.595,5.194,0.012,1.346,13.122,0.148,5.048,1.66,6.925,0.015,4.568,0.339,0.78,1.389,4.06,4.281,0.005,0.793,3.195,7.114,0.748,24.591,0.062,2.723,0.416,2.829,14.29,16.226,1.842,0.152,3.586,0.078,44.155,0.542,0.034,0.845,4.341,8.585,0.437,6.537,0.18,0.028,3.614,48.513,2.594,8.238,1.203,19.438,0.019,5.057,0.195,1.073,2.241,11.962,0.806,3.015,53.544,6.523,21.653,1.008,2.209,7.909,6.294,0.903,22.863,1.545,0.881,0.7,20.465,3.423,0.526,3.758,1.311,8.452,48.437,14.26,0.198,21.61,0.083,18.532,3.49,3.528,47.359,15.105,0.855,7.69,25.305,4.033,0.417,5.379,2.966,13.234,14.743,12.012,1.358,3.729,23.184,0.521,5.007,0.04,5.287,0.65,0.492,3.264,2.558,6.369,20.006,3.794,3.91,0.053,0.873,0.394,0.814,0.382,0.214,4.69,3.459,0.254,1.346,18.497,48.422,0.06,43.109,0.172,1.653,0.212,28.976,1.528,15.5,1.25,7.622,17.199,5.871,1.291,15.005,0.015,1.402,1.782,0.013,13.734,2.653,0.275,4.473,4.234,4.287,3.766,3.533,14.845,1.519,4.228,8.421,14.798,1.521,5.189,3.184,1.502,1.825,5.871,2.471,3.678,0.002,25.995,2.752,0.998,0.182,4.858,0.201,29.207,0.901,10.381,4.963,20.813,7.182,1.338,11.492,0.342,1.593,1.044,0.687,0.03,25.246,1.544,0.074,0.724,0.786,0.851,5.793,8.099,7.81,0.927,4.685,11.179,0.092,0.098,2.442,1.903,5.613,3.271,18.461,3.588,4.01,4.073,10.898,0.599,0.63,3.705,0.748,0.314,6.292,1.985,0.109,0.232,0.604,0.124
SYNCOM.SYN.46,0 to 100% of passenger km,0,100,28.104,12.124,4.9,0.069,0.863,49.204,3.361,61.757,0.039,3.032,6.891,38.997,2.708,9.618,10.927,0.486,3.122,0.704,3.82,0.298,15.295,5.062,4.388,57.879,1.527,5.816,0.007,10.38,1.358,5.646,63.541,0.244,2.22,26.711,15.746,49.793,1.906,7.431,7.27,4.247,20.545,2.135,9.436,6.415,44.559,0.059,12.804,1.897,2.664,6.388,6.056,8.354,4.954,47.816,3.844,4.219,5.273,26.152,2.087,1.764,5.223,26.046,4.944,25.737,0.859,6.506,19.397,13.24,16.871,28.004,15.182,7.875,1.679,31.201,4.02,3.948,0.811,0.04,11.661,8.41,19.154,22.457,2.977,1.347,0.038,20.787,8.141,1.152,0.088,2.469,15.536,9.248,2.933,18.646,0.731,39.217,35.831,33.453,8.816,9.561,2.261,39.748,11.105,4.595,0.919,14.667,5.493,2.741,5.183,0.945,6.792,11.384,22.55,9.742,1.872,3.629,2.707,11.226,3.429,5.253,26.663,28.538,10.601,0.629,6.86,13.064,1.924,0.344,3.856,2.511,6.332,0.285,8.561,0.588,63.677,2.191,6.446,0.462,3.604,70.156,4.766,84.124,18.574,9.901,3.439,2.286,0.005,0.744,3.983,7.083,0.138,46.332,14.014,0.448,9.326,13.048,7.186,1.036,10.334,9.818,22.41,0.027,27.327,5.136,13.542,3.34,2.142,40.474,11.895,23.347,17.256,0.134,6.716,10.671,39.669,7.025,1.765,9.851,19.588,23.436,10.523,24.168,11.081,10.335,0.947,40.636,9.049,4.389,0.059,2.257,13.392,1.099,2.581,27.677,20.146,0.065,0.35,5.211,1.805,0.515,9.21,8.146,1.138,12.007,0.158,23.178,34.44,3.77,17.162,1.631,28.406,5.14,0.129,7.452,1.384,2.225,5.892,52.951,44.251,0.065,33.205,4.152,3.046,59.847,22.58,2.324,28.042,21.149,0.239,0.423,1.581,11.648,22.283,1.196,2.396,3.08,2.969,7.421,3.711,0.759,0.294,0.381,7.443,11.54,11.146,30.609,0.612,0.37,29.985,25.238
157,0 to 100% of passenger km,0,100,25.52,10.572,2.436,0.046,0.264,25.315,1.774,57.138,0.001,0.58,5.699,0.814,1.39,6.265,3.348,0.003,0.046,0.026,3.736,0.256,3.243,4.976,2.4,54.694,1.318,4.508,0.003,6.892,0.264,2.107,10.744,0.113,0.414,16.876,15.374,7.768,0.563,5.386,6.413,2.04,9.347,1.669,1.369,3.117,0.562,0.047,2.992,1.128,2.387,0.974,0.812,4.118,2.771,7.036,1.374,3.643,0.251,19.173,0.886,1.537,1.732,12.946,4.446,7.046,0.736,6.304,0.733,10.036,11.769,3.166,10.628,7.234,1.547,27.669,1.282,0.883,0.738,0.037,2.317,6.102,6.252,16.396,1.165,0.014,0.003,18.576,6.32,0.334,0.012,0.473,6.341,8.323,0.905,11.719,0.345,24.372,28.41,20.159,4.123,3.44,1.367,13.834,6.867,0.25,0.4,5.59,3.044,0.862,3.547,0.531,0.254,5.135,8.12,8.447,1.551,2.065,0.661,4.428,1.795,2.196,11.834,20.988,9.217,0.422,6.817,9.209,1.748,0.206,2.136,2.093,3.406,0.157,5.584,0.387,14.675,1.834,2.242,0.171,0.74,16.08,2.673,38.937,13.259,5.145,2.844,1.693,0.003,0.682,3.497,4.726,0.095,1.411,13.561,0.268,1.771,2.279,4.826,0.5,1.773,9.769,18.304,0.021,17.386,3.8,1.421,2.062,0.895,7.905,9.962,23.047,7.04,0.001,5.803,1.416,31.416,6.133,1.714,7.461,4.29,7.171,2.78,19.886,6.574,10.038,0.297,21.888,5.298,4.115,0.02,1.574,3.731,0.126,1.016,3.008,6.858,0.047,0.238,1.513,0.194,0.41,0.187,1.36,0.592,4.296,0.108,14.569,12.597,2.271,1.353,0.503,10.677,4.052,0.046,5.158,0.162,0.123,4.781,42.378,24.23,0.047,15.148,1.763,2.919,30.959,8.793,1.319,19.661,20.673,0.121,0.27,0.369,8.375,5.6,0.61,0.547,0.94,2.545,5.846,2.774,0.543,0.134,0.287,0.234,8.373,7.659,21.091,0.108,0.145,25.394,22.003
158.COM.157,0 to 100% of passenger km,0,100,2.584,1.551,2.464,0.023,0.599,23.889,1.587,4.619,0.038,2.452,1.192,38.184,1.318,3.353,7.579,0.483,3.077,0.678,0.084,0.042,12.052,0.086,1.987,3.185,0.209,1.309,0.004,3.488,1.094,3.538,52.798,0.131,1.806,9.835,0.372,42.025,1.343,2.045,0.856,2.207,11.198,0.466,8.068,3.298,43.997,0.012,9.812,0.769,0.278,5.415,5.244,4.236,2.183,40.78,2.47,0.576,5.022,6.979,1.202,0.227,3.491,13.1,0.498,18.691,0.124,0.202,18.663,3.204,5.103,24.837,4.554,0.64,0.131,3.532,2.738,3.065,0.072,0.003,9.344,2.308,12.902,6.061,1.812,1.333,0.034,2.211,1.821,0.819,0.076,1.996,9.196,0.926,2.028,6.928,0.386,14.845,7.421,13.293,4.693,6.122,0.894,25.914,4.238,4.345,0.519,9.077,2.449,1.879,1.636,0.414,6.538,6.249,14.43,1.295,0.321,1.564,2.046,6.798,1.634,3.056,14.828,7.551,1.384,0.207,0.043,3.855,0.176,0.138,1.72,0.418,2.927,0.128,2.977,0.201,49.002,0.357,4.204,0.29,2.865,54.076,2.093,45.187,5.315,4.756,0.596,0.594,0.002,0.062,0.486,2.356,0.043,44.921,0.453,0.18,7.555,10.769,2.36,0.535,8.561,0.048,4.106,0.006,9.941,1.336,12.122,1.279,1.247,32.569,1.932,0.3,10.216,0.133,0.914,9.256,8.253,0.892,0.051,2.391,15.297,16.264,7.743,4.282,4.508,0.297,0.649,18.748,3.751,0.274,0.039,0.684,9.661,0.972,1.565,24.67,13.288,0.018,0.112,3.698,1.61,0.105,9.023,6.786,0.546,7.711,0.05,8.609,21.843,1.498,15.808,1.127,17.729,1.088,0.083,2.294,1.222,2.101,1.111,10.573,20.021,0.019,18.056,2.388,0.127,28.888,13.787,1.004,8.382,0.475,0.118,0.153,1.212,3.273,16.683,0.585,1.849,2.14,0.423,1.575,0.937,0.215,0.161,0.094,7.208,3.167,3.487,9.517,0.504,0.224,4.59,3.235
159.COM.154,0 to 100% of passenger km,0,100,21.111,30.102,21.762,30.062,65.929,2.76,1.897,14.401,2.639,5.593,11.224,20.861,12.342,12.093,1.215,1.252,20.682,0.495,10.422,7.394,15.733,34.33,8.457,0.077,27.828,47.955,0.006,27.278,11.791,7.544,7.9,29.835,15.04,20.556,31.633,0.016,0.246,12.686,0.131,8.126,7.882,5.063,45.461,8.276,24.954,5.608,0.43,14.233,7.743,9.176,3.114,47.743,45.183,3.683,0.881,19.917,6.711,4.742,0.004,11.187,18.203,9.621,21.127,9.156,44.912,42.98,12.99,8.794,0.921,7.056,31.198,28.872,55.113,17.662,0.099,4.511,12.542,1.525,7.12,1.135,1.152,39.61,13.071,6.355,22.073,1.294,2.385,0.264,0.886,8.482,26.321,18.737,11.251,12.733,1.975,25.252,0.077,0.583,16.018,3.087,22.311,3.437,7.194,0.281,4.545,4.362,9.178,9.391,9.562,2.496,1.546,10.484,1.294,11.377,38.867,12.025,0.394,0.198,2.038,40.868,6.684,39.675,32.683,3.345,6.143,3.529,8.03,1.884,6.525,21.734,4.74,4.222,39.72,0.847,6.036,28.444,5.507,0.03,4.121,5.413,37.807,1.657,0.656,34.294,2.69,0.015,1.479,6.17,6.88,1.941,0.204,12.173,3.998,15.292,5.693,0.375,3.506,6.127,0.401,0.241,43.393,17.666,2.316,1.132,57.518,2.261,1.711,0.637,8.78,0.203,16.296,5.56,2.475,2.978,10.334,13.209,0.315,22.509,35.614,22.771,12.695,1.719,29.554,6.245,3.659,3.846,18.911,11.978,0.304,18.045,12.354,2.287,8.179,29.376,10.345,20.624,1.134,7.151,7.462,0.241,0.115,25.789,3.563,7.441,39.441,30.011,2.234,9.188,7.608,4.201,3.804,7.567,0.624,2.788,8.566,9.256,7.876,11.593,26.864,0.458,0.495,1.141,19.017,17.323,0.027,1.767,10.22,4.582,0.557,1.689,4.489,0.733,7.094,3.102,6.62,6.006,14.511,1.966,5.348,43.299,1.663,3.492,12.732,0.233,66.149,8.965,24.296,5.143,4.244,16.105
364,MW out of current total / 100,0,748,205.151,503.666,215.768,731.584,714.881,183.73,86.219,338.376,38.192,77.044,46.67,602.901,624.285,69.35,623.02,246.471,240.793,300.399,91.507,224.262,106.652,151.709,463.44,258.053,304.205,199.503,105.383,300.109,635.311,164.241,372.91,142.804,401.031,586.213,354.769,98.367,263.091,367.82,676.737,614.801,740.157,324.851,461.839,125.501,284.199,722.416,261.803,595.551,673.665,159.82,31.032,722.67,161.497,357.254,184.113,536.377,168.988,187.571,577.187,383.703,276.863,125.063,273.364,203.47,241.889,70.794,389.344,422.148,568.147,498.433,148.497,551.725,38.457,697.029,387.275,187.448,97.87,636.673,531.664,720.411,462.493,648.966,413.477,369.489,379.923,242.131,208.74,69.146,661.977,351.609,319.349,528.151,715.615,188.793,506.258,461.273,144.231,229.063,538.456,214.535,572.933,668.638,559.533,379.735,619.439,701.783,314.805,98.692,350.47,276.941,53.233,580.826,397.543,284.863,387.363,703.028,293.265,256.816,252.363,170.351,0.387,73.939,410.162,118.755,349.838,413.309,585.094,9.441,214.649,115.424,403.565,260.794,45.481,559.673,340.451,640.021,500.306,369.285,686.402,589.468,568.556,294.682,380.535,43.403,501.607,169.241,215.524,638.997,367.149,719.805,151.512,726.074,250.59,411.287,542.275,525.027,276.697,259.398,664.698,49.694,670.892,185.645,408.196,39.123,85.258,638.401,75.69,239.817,489.53,286.709,705.406,155.142,493.819,200.278,363.093,735.755,178.172,563.532,407.377,686.756,702.469,254.521,301.719,81.572,660.05,474.389,206.41,672.455,76.776,97.442,721.664,108.717,145.878,697.325,22.722,222.681,379.874,341.576,16.5,58.522,621.542,744.832,318.132,667.983,77.185,483.241,639.71,228.953,271.846,359.621,247.587,153.336,503.494,305.294,202.473,48.492,360.132,550.046,175.682,301.054,463.958,230.307,471.642,93.248,304.811,379.787,705.866,293.974,649.818,31.547,114.281,667.369,182.447,40.739,664.255,25.466,727.693,657.023,124.763,575.165,507.569,606.323,158.976,264.498,294.142,36.654,584.022,267.484,155.348,304.709
365,MW out of current total / 100,0,748,378.146,736.807,492.716,272.768,728.611,651.001,580.239,64.42,286.388,161.592,53.249,383.538,141.181,300.969,377.741,411.874,95.923,197.984,95.353,646.431,168.886,387.574,181.244,474.824,59.183,501.906,689.73,291.53,686.714,731.652,84.079,375.647,192.816,145.188,167.661,142.362,697.855,76.341,569.187,574.251,726.365,311.216,354.86,293.213,669.131,578.122,405.981,727.731,57.157,268.036,148.751,323.813,68.983,623.698,424.645,491.421,747.244,559.742,667.425,713.818,556.391,250.232,472.835,9.691,333.905,126.652,37.057,431.851,154.889,365.377,726.924,17.769,62.638,396.157,119.408,283.898,561.055,486.866,319.277,614.998,549.292,173.127,486.262,424.249,671.978,484.888,291.146,110.488,192.117,102.856,412.876,268.742,505.015,563.938,616.221,186.742,463.564,230.258,584.444,20.495,47.828,268.645,335.468,341.765,250.197,561.342,84.884,26.409,58.035,722.179,115.651,49.861,56.625,417.105,26.909,22.135,181.808,196.288,641.935,698.644,626.396,515.333,231.51,640.196,6.148,282.117,575.55,150.78,652.532,354.351,335.001,525.173,497.396,87.651,337.574,160.309,743.485,287.656,585.714,592.175,174.804,666.422,484.579,110.652,714.665,521.564,506.995,100.963,227.675,743.573,454.153,460.427,281.223,305.517,383.732,724.624,436.563,145.555,679.354,250.836,603.62,221.925,562.751,194.905,647.879,36.203,22.589,163.194,113.38,254.765,707.912,352.021,468.75,650.01,14.629,638.701,120.337,597.97,62.699,533.198,64.251,650.173,709.865,175.876,403.05,61.205,15.228,9.828,576.516,445.756,424.651,587.322,360.457,301.465,321.096,734.959,513.417,534.375,707.788,387.085,107.822,288.948,486.064,742.241,362.177,190.357,443.9,153.912,406.202,392.691,574.637,639.375,50.552,507.381,609.922,200.916,363.09,274.369,504.12,340.278,237.896,308.185,436.813,342.911,127.441,4.345,148.027,142.893,171.163,226.656,183.245,201.784,399.403,66.629,675.726,156.132,265.078,540.583,37.997,247.507,206.948,551.142,607.833,489.444,303.04,405.779,3.875,579.596,20.289,14.538
366,MW out of current total / 100,0,748,704.88,139.013,477.093,539.368,139.433,404.05,174.884,363.664,361.526,293.349,406.837,224.817,94.592,58.761,281.038,693.373,91.864,595.823,266.414,168.83,353.794,262.982,67.22,425.389,721.573,274.666,525.029,708.544,295.17,657.457,316.224,246.499,115.378,355.52,383.213,597.455,437.547,453.274,535.647,404.252,471.967,377.357,451.052,212.592,425.788,330.986,387.467,561.086,171.26,433.756,237.614,327.777,394.914,481.877,210.649,36.927,404.845,247.09,518.757,174.007,123.259,368.859,43.398,106.89,18.082,623.77,170.44,263.092,521.668,68.01,639.225,441.16,615.547,566.468,345.569,497.499,499.035,432.808,388.37,39.956,40.781,399.751,276.402,661.243,662.378,517.885,686.431,618.582,702.94,485.971,41.135,588.108,286.142,388.862,333.418,151.008,89.524,719.119,262.583,638.44,236.126,387.099,269.08,410.678,215.886,120.439,467.385,219.113,111.64,319.649,495.645,585.428,512.714,423.211,82.138,352.447,332.396,578.537,744.194,292.943,720.855,579.853,198.668,295.137,324.608,435.012,33.979,203.938,153.374,660.041,519.59,156.914,491.609,560.592,78.967,703.419,718.468,398.706,56.114,402.239,389.925,214.423,621.711,230.656,497.674,307.471,506.147,71.748,459.075,582.919,178.505,550.121,745.072,481.787,152.697,120.164,527.361,366.424,111.556,369.862,62.994,185.213,256.861,129.798,715.856,230.149,227.292,60.495,219.901,618.61,437.518,289.338,370.415,330.481,396.84,318.678,249.158,212.69,606.312,557.057,698.247,49.963,294.331,658.846,615.818,609.614,561.727,307.174,351.458,602.688,359.93,384.042,46.123,251.353,174.889,676.428,568.386,347.878,419.476,377.219,387.179,691.364,742.21,127.662,618.36,269.736,256.418,325.593,90.85,709.488,16.266,535.215,472.821,375.935,547.356,470.352,465.317,167.014,442.837,704.115,16.737,471.277,271.086,67.376,546.607,561.105,336.477,534.086,276.895,636.13,148.405,294.778,270.459,38.32,657.425,437.706,229.677,172.974,568.471,426.681,18.74,700.812,179.9,278.286,372.847,687.626,455.09,639.365,594.951,31.16
367,MW out of current total / 100,0,748,160.153,658.584,531.053,366.751,526.39,745.45,540.079,366.192,410.377,148.687,180.462,469.988,314.169,539.905,430.365,77.357,708.496,704.014,53.807,79.482,518.385,103.882,157.198,670.461,691.935,159.441,646.279,59.696,354.741,367.082,580.48,203.064,658.561,618.104,287.81,442.255,637.53,641.298,452.587,531.52,736.962,265.284,602.176,127.506,46.189,128.362,275.259,42.752,174.986,147.607,286.522,213.424,121.113,599.037,147.947,91.07,488.146,688.25,41.589,112.229,157.502,545.79,28.185,77.08,357.852,302.455,215.753,666.774,294.604,310.28,52.329,323.544,514.025,711.805,277.832,668.614,746.294,69.476,443.316,474.522,2.826,171.453,292.689,68.925,264.48,593.279,653.07,507.202,371.549,114.955,637.663,322.909,656.728,542.77,231.972,80.61,564.048,41.481,481.884,101.048,180.344,439.406,252.511,491.228,181.038,540.375,243.376,604.395,11.849,593.269,719.233,658.076,485.748,96.607,734.355,400.385,55.561,546.824,242.578,51.906,700.63,456.045,179.71,127.194,175.553,660.314,389.644,80.661,589.208,548.252,235.514,398.081,122.567,711.429,33.659,163.458,323.208,71.84,391.496,90.006,327.819,277.595,260.764,191.627,8.937,100.089,159.164,184.511,731.596,281.31,633.559,481.324,110.981,581.731,190.894,171.02,219.817,172.687,595.783,305.652,261.703,142.062,488.435,471.703,486.232,185.16,355.317,385.034,101.942,150.065,6.3,598.419,538.361,525.938,409.965,181.477,577.853,70.092,663.269,316.357,482.589,491.885,358.127,705.632,75.092,619.817,639.275,264.974,562.681,154.606,304.088,372.006,645.875,744.171,496.786,645.248,393.764,639.845,643.722,56.097,662.136,333.572,158.409,401.863,126.519,407.459,402.633,128.004,98.943,650.324,505.606,87.589,552.296,558.215,131.533,489.207,347.46,648.586,382.141,587.273,337.114,375.954,546.806,274.274,301.718,238.247,679.044,236.843,501.927,190.587,327.163,680.409,406.243,589.76,242.161,197.629,352.813,3.905,457.747,127.955,681.911,664.66,707.039,137.83,730.412,605.668,445.836,468.23,292.342,87.911
370,MW out of current total,0,74800,73031.071,47104.034,15908.295,415.989,33974.153,32440.836,19272.309,34443.4,33499.681,21794.47,3900.051,19531.631,69300.355,62174.868,27987.396,47107.698,73295.297,71656.985,61751.563,55315.116,71796.78,36121.448,62210.216,41732.024,10430.898,5732.257,39476.44,55320.654,47077.379,5185.027,39564.835,48738.592,26709.409,39087.113,28080.372,11720.52,46271.304,27401.084,2858.635,44255.872,55914.901,72330.421,58596.486,70601.945,27550.451,61898.037,14349.041,20195.95,21175.777,17402.856,53980.833,73742.46,67383.026,8165.028,53071.046,13808.791,65397.908,9868.858,71990.689,3709.545,9083.122,17295.385,23676.811,41774.395,74543.885,46643.811,8803.486,54745.828,17693.542,51298.661,51328.213,22643.098,35148.459,3127.268,45599.299,44704.113,23184.254,61858.409,14052.592,24463.426,39182.075,55542.87,6028.219,63674.528,3600.529,7373.253,24525.478,54843.385,37122.911,67178.868,44877.97,14849.354,26722.938,52527.485,35086.976,2986.215,11703.639,12446.707,82.858,33967.637,45506.951,26832.285,66234.255,51557.377,39434.768,60086.972,23275.472,28896.164,15667.747,56032.436,35781.956,10091.861,20451.806,12138.622,14717.174,67089.077,71493.029,48301.91,9917.451,54627.721,47265.764,30767.249,24668.673,46314.101,45763.586,46044.983,39494.833,25350.383,57081.317,197.594,38036.384,44012.362,17203.511,22312.978,7167.789,14049.807,4556.295,49090.923,38418.715,63694.028,20863.4,25495.411,21772.771,23362.983,68974.32,59981.234,51001.038,5889.065,58370.155,47939.735,39885.471,61677.211,316.235,58100.887,66283.385,55300.304,5006.6,46836.881,64426.765,54246.855,18852.412,20176.099,9554.269,16981.332,1717.477,3970.316,64102.891,68084.466,37881.73,13.576,64140.8,33526.816,41624.647,1247.572,29201.174,13454.692,25574.188,1362.701,74272.912,24061.696,55627.602,16738.29,58054.546,9498.486,8459.259,65941.271,3687.481,68998.556,59728.536,62717.862,22824.668,59689.35,3242.961,23466.472,1650.46,50276.645,22501.694,6294.054,38944.555,25511.268,71294.165,69347.33,73736.669,40890.548,50888.707,20441.752,18384.296,47781.176,73390.222,3906.787,2517.309,30172.456,26399.661,9665.46,41184.389,4967.871,13695.827,46598.625,62972.158,64722.943,51654.236,8830.851,46199.7,28662.309,63699.537,28482.02,32994.936,604.904,45660.526,478.181,52641.826,72459.14,15544.139,31491.884,29701.338,36434.609,59556.607,23131.008,67903.056,62566.045,59770.087,27672.126,14101.739,35537.7,48510.234,39311.21,73205.003,4348.602,53677.502,41922.729
371,MW out of current total,0,74800,2461.169,37609.734,56234.064,62034.57,70703.242,51736.897,64541.271,66498.134,29036.688,32547.151,46462.915,20711.921,6289.858,10377.562,20279.182,54665.93,35599.304,62313.539,22808.336,49045.104,20676.285,33443.086,5281.903,14329.802,51644.723,25289.813,45678.815,60466.592,14751.755,27850.734,9330.997,68480.939,71344.365,49863.281,1001.69,69659.329,13857.808,39463.141,20074.937,54821.493,12840.046,17739.152,66870.844,34861.117,20440.081,52479.777,4197.152,18645.108,19607.565,36496.017,43124.954,8333.085,30182.302,28087.418,37145.071,37366.722,44429.477,72575.176,56558.637,73579.601,4895.502,39824.493,2377.584,28660.132,122.69,65234.871,58352.955,27783.484,62640.228,15639.697,40043.329,20915.28,19615.659,72108.209,54156.019,18521.818,57677.379,13138.954,59591.048,69864.149,34857.107,47137.453,39453.92,22351.012,71441.432,18421.828,61499.279,44711.542,4051.983,55427.271,72175.77,47537.005,64556.684,46340.235,10482.329,30890.378,25725.086,19212.749,33393.245,36545.286,26586.728,72815.05,56634.882,69468.718,36309.231,35041.156,64722.016,5299.524,55818.002,7973.281,62855.722,6109.36,25542.765,51528.218,3232.265,42424.239,31747.502,73204.721,35642.191,59781.283,27135.584,1545.21,8128.673,17708.378,70406.132,5509.909,48368.084,24587.5,18883.023,49832.439,3032.389,1784.503,39337.87,36377.515,71472.233,64111.795,38232.348,47328.734,45789.158,60434.055,7497.626,23101.154,54586.141,3994.921,54288.039,67048.688,11462.455,1926.855,17718.095,3698.324,16953.535,4110.87,47215.436,53790.648,66031.294,74326.975,49027.966,32766.015,4543.079,29385.289,62296.305,44997.27,68426.057,22620.979,23052.667,64313.995,20384.422,42439.412,40239.888,73323.601,13965.245,42234.921,9739.155,42297.108,9877.747,5845.208,16788.234,67636.747,38954.592,59310.608,7023.762,58825.033,9745.45,35220.852,65748.057,42538.704,70980.941,48734.6,24011.368,9002.442,15404.574,26231.437,8328.498,21634.422,2777.141,7369.631,39812.378,37549.779,59822.148,24469.561,62165.188,38040.912,40500.723,24168.11,2584.787,43303.656,49142.997,24371.007,30344.997,69010.969,26929.56,35115.187,58683.388,35946.888,51590.432,6189.68,55482.668,33860.681,71014.277,18914.124,20232.844,24804.762,13708.12,43366.319,29012.47,73541.703,38163.691,69064.416,21167.578,71400.434,63103.607,17315.245,11390.909,38497.068,32044.53,61972.54,8394.438,66979.085,11823.655,24557.671,25214.228,635.282,33978.56,10494.572,18924.55,27719.14,47182.743,2207.78,70964.224,4060.421
373,MW out of current total,0,74800,37728.475,41492.492,17131.72,68442.367,59391.876,11411.562,28226.378,30682.506,24619.552,38561.213,48907.921,64815.164,50693.35,3747.297,67223.619,9782.237,44337.896,67589.584,23787.671,45436.073,2480.439,68207.025,35696.98,11661.543,5817.248,42607.23,15929.276,44055.56,11935.467,40239.32,55509.894,50637.432,70210.972,48741.7,74603.811,31319.748,1856.761,5924.89,5090.29,14120.005,54116.666,66376.599,29451.31,28284.737,72701.79,16500.359,29495.505,1765.724,63934.536,11637.237,5531.485,32780.319,35483.901,67465.742,50276.448,4312.253,3823.742,45054.275,38862.763,7792.821,22623.988,18811.658,3691.558,5419.785,32027.402,28307.402,56837.125,5406.672,24321.226,283.157,17473.959,30678.829,19891.828,9764.177,29980.978,49737.435,74499.561,54505.416,17243.693,54778.663,51524.602,37938.764,41024.006,29267.351,31599.982,33010.104,6823.859,21055.15,19514.297,5529.638,55712.285,44956.639,5715.119,2310.194,73662.889,54026.258,40773.973,57715.928,71429.812,18487.303,6799.808,29600.489,27981.114,64113.669,18351.63,67849.242,47115.758,49178.956,24704.556,8739.997,32269.059,63085.463,52045.571,24455.163,15282.089,35423.826,50359.137,57085.378,65609.848,53905.212,40091.205,34973.717,43353.464,54929.704,32147.742,62606.369,4012.497,1306.696,49989.583,34094.28,67725.106,15138.484,54446.043,51000.52,26962.001,57188.839,67036.372,59208.569,12198.176,33986.974,11590.613,7336.309,6894.933,51095.88,9700.398,53027.323,15385.139,50009.719,53575.328,9806.095,9401.346,58092.032,55069.332,41849.988,13713.813,68039.296,74512.695,19388.301,23652.512,66254.408,50440.899,12175.868,74564.04,4162.855,66746.175,43984.785,57437.84,32356.006,43774.913,41256.728,70393.644,8602.989,40913.396,45568.225,1634.063,41896.148,67988.061,39791.515,18120.709,64295.753,38441.67,47388.78,57397.971,2263.704,46645.293,8419.994,30768.036,40089.115,18960.647,5824.11,59536.443,64444.076,55500.914,12524.748,58060.098,69719.13,35983.39,17157.748,29320.844,37340.374,16057.171,68376.975,71781.574,62450.408,73575.649,7482.05,26696.133,12641.061,56926.243,2429.215,47208.22,60414.515,54798.964,36070.674,25018.602,31053.347,5593.419,10885.289,67254.581,56788.228,3944.435,38565.391,58301.948,70159.491,9700.922,36554.7,24764.494,26234.226,5310.23,32835.195,1460.022,49154.792,68839.137,52804.221,38559.137,39686.202,15154.536,61738.038,35370.228,4689.643,65122.909,13681.262,21568.888,32913.379,42079.731,47061.935,45845.923,20594.759,8181.075,60716.943
379,MW out of current total,0,74800,61287.74,25540.539,66372.69,27247.906,69371.021,39375.66,63402.779,67814.658,67857.366,66976.629,8835.339,19917.227,37078.763,40625.278,28732.308,31700.683,23494.587,7536.705,2905.615,73541.692,58691.417,37285.885,73640.964,42195.497,5146.843,31057.108,1709.778,9602.441,15583.674,36799.468,38700.204,25211.893,24345.479,19069.224,1183.572,6455.362,28445.147,41257.916,58595.235,36839.452,32230.943,25272.76,16798.342,58067.519,58786.641,26644.891,51895.984,2355.016,41599.41,14850.578,51003.245,63483.377,65117.56,25940.506,54903.699,60112.852,20820.914,44149.203,34325.754,49365.353,43266.226,29822.668,4689.338,34029.802,8445.318,40227.272,68350.045,43532.411,34234.074,7272.873,31984.51,56813.443,11842.932,19971.654,63768.693,4248.374,67050.172,15508.713,49558.53,66636.461,26181.004,33261.619,44718.693,34724.63,70274.266,42760.258,64638.234,50757.466,21807.336,64705.563,68103.886,57899.067,65168.322,65351.438,8201.03,25667.751,13534.665,21392.854,21206.632,5910.935,16537.628,51235.904,39552.063,4793.711,23752.739,62006.449,63254.427,59114.139,41837.939,38400.653,35268.304,72727.851,13372.296,29566.852,16493.23,69894.87,66929.872,72783.855,68397.059,62114.545,13197.443,73968.534,64624.997,6305.649,8006.492,1787.221,29149.926,54626.892,54473.881,32717.72,52721.105,11375.288,33829.168,54795.783,60033.735,10172.604,5067.667,2795.713,25637.467,17693.865,69200.874,33696.485,49782.297,5006.884,13332.001,25663.637,45560.243,27941.552,42967.198,5922.64,9365.635,55034.272,24955.57,17636.831,6333.24,5572.877,57587.987,68934.367,57345.487,8783.125,46885.339,38525.692,8631.984,29820.802,23105.457,29245.908,55942.161,66910.375,17050.778,61501.92,33565.032,37669.14,3818.867,26500.685,72432.426,49923.176,14938.305,5241.027,1540.022,49301.119,67315.859,22755.688,56822.143,46697.055,31514.81,4624.041,14306.067,50589.134,14493.482,42944.904,64120.707,23662.655,7612.364,73364.425,24680.997,18887.725,23805.04,66621.488,32169.934,2303.562,9630.379,49546.895,7043.492,67966.907,26372.628,32275.44,19384.506,38731.956,44056.229,17480.805,10302.886,35253.344,50548.018,70028.947,46005.952,11744.978,69541.169,15171.411,60373.519,54275.199,12581.834,51247.591,44342.42,58468.742,8216.361,3739.389,49289.667,35347.894,15996.599,53060.417,31089.007,32034.004,62268.871,5781.007,15695.171,10470.852,31835.237,9501.653,54996.746,61961.23,47726.788,23482.239,45824.593,18335.817,61406.605,60536.922,11800.323,5913.817,3931.136,33939.211
380,On (1) or off (0),0,1,1,1,1,1,1,1,1,1,1,1,1,1,1,1,1,1,1,1,1,1,1,1,1,1,1,1,1,1,1,1,1,1,1,1,1,1,1,1,1,1,1,1,1,1,1,1,1,1,1,1,1,1,1,1,1,1,1,1,1,1,1,1,1,1,1,1,1,1,1,1,1,1,1,1,1,1,1,1,1,1,1,1,1,1,1,1,1,1,1,1,1,1,1,1,1,1,1,1,1,1,1,1,1,1,1,1,1,1,1,1,1,1,1,1,1,1,1,1,1,1,1,1,1,1,1,1,1,1,1,1,1,1,1,1,1,1,1,1,1,1,1,1,1,1,1,1,1,1,1,1,1,1,1,1,1,1,1,1,1,1,1,1,1,1,1,1,1,1,1,1,1,1,1,1,1,1,1,1,1,1,1,1,1,1,1,1,1,1,1,1,1,1,1,1,1,1,1,1,1,1,1,1,1,1,1,1,1,1,1,1,1,1,1,1,1,1,1,1,1,1,1,1,1,1,1,1,1,1,1,1,1,1,1,1,1,1,1,1,1,1,1,1,1,1,1,1,1,1,1,1
382,% out of 100,0,100,42.209,62.026,70.924,42.833,81.246,58.989,25.314,15.445,50.507,67.91,24.568,86.659,47.957,41.906,49.346,59.382,6.429,94.463,96.226,83.028,15.728,48.62,4.988,29.316,62.329,62.067,42.795,70.956,2.158,63.551,80.673,33.487,52.198,96.58,60.616,61.589,26.836,46.195,54.14,19.491,57.624,88.268,43.27,36.341,52.883,88.546,18.531,62.12,20.672,16.064,96.767,41.384,51.456,57.838,5.514,13.492,33.242,72.585,82.05,46.417,53.874,22.809,37.051,65.004,43.62,27.287,57.354,39.878,86.889,26.644,22.874,0.778,33.576,61.48,12.005,11.895,0.653,5.738,47.587,14.99,26.09,14.909,75.866,60.338,86.956,73.035,17.907,83.476,42.88,71.12,66.184,91.237,0.873,4.225,50.596,5.772,97.399,74.978,23.504,15.996,39.953,66.11,88.113,41.763,35.144,21.536,11.2,63.857,54.548,67.408,38.318,77.595,19.808,25.636,32.643,81.794,14.832,15.008,72.153,16.542,14.766,47.705,52.613,0.158,41.178,57.311,10.43,96.425,48.204,77.302,82.333,5.277,15.797,12.632,19.299,56.857,40.93,24.495,66.303,74.347,67.349,46.743,3.123,53.759,73.753,93.043,77.28,89.848,23.553,41.211,64.235,80.727,33.364,2.765,47.793,90.869,15.759,20.531,7.984,19.911,34.164,98.275,59.814,36.572,85.176,39.425,88.431,18.741,11.089,1.638,54.368,1.525,59.446,31.91,55.075,44.043,83.328,14.188,97.41,44.117,54.426,9.584,61.754,35.905,15.116,50.136,76.473,12.135,39.076,75.48,61.975,85.461,11.507,14.248,68.09,59.412,34.645,50.822,27.527,97.655,80.541,23.992,95.173,40.94,29.83,57.84,23.763,10.304,5.864,88.057,48.409,18.252,22.078,70.704,80.979,59.789,86.587,20.437,38.647,3.909,31.225,78.49,15.541,66.514,67.465,64.33,82.09,95.496,26.839,47.582,3.959,46.717,79.056,74.067,98.062,71.842,23.659,60.995,64.956,44.786,97.357,29.997,32.589,7.359,32.33,5.054,46.854,69.17,32.825,36.574
383.COM.382,% out of 100,0,100,57.791,37.974,29.076,57.167,18.754,41.011,74.686,84.555,49.493,32.09,75.432,13.341,52.043,58.094,50.654,40.618,93.571,5.537,3.774,16.972,84.272,51.38,95.012,70.684,37.671,37.933,57.205,29.044,97.842,36.449,19.327,66.513,47.802,3.42,39.384,38.411,73.164,53.805,45.86,80.509,42.376,11.732,56.73,63.659,47.117,11.454,81.469,37.88,79.328,83.936,3.233,58.616,48.544,42.162,94.486,86.508,66.758,27.415,17.95,53.583,46.126,77.191,62.949,34.996,56.38,72.713,42.646,60.122,13.111,73.356,77.126,99.222,66.424,38.52,87.995,88.105,99.347,94.262,52.413,85.01,73.91,85.091,24.134,39.662,13.044,26.965,82.093,16.524,57.12,28.88,33.816,8.763,99.127,95.775,49.404,94.228,2.601,25.022,76.496,84.004,60.047,33.89,11.887,58.237,64.856,78.464,88.8,36.143,45.452,32.592,61.682,22.405,80.192,74.364,67.357,18.206,85.168,84.992,27.847,83.458,85.234,52.295,47.387,99.842,58.822,42.689,89.57,3.575,51.796,22.698,17.667,94.723,84.203,87.368,80.701,43.143,59.07,75.505,33.697,25.653,32.651,53.257,96.877,46.241,26.247,6.957,22.72,10.152,76.447,58.789,35.765,19.273,66.636,97.235,52.207,9.131,84.241,79.469,92.016,80.089,65.836,1.725,40.186,63.428,14.824,60.575,11.569,81.259,88.911,98.362,45.632,98.475,40.554,68.09,44.925,55.957,16.672,85.812,2.59,55.883,45.574,90.416,38.246,64.095,84.884,49.864,23.527,87.865,60.924,24.52,38.025,14.539,88.493,85.752,31.91,40.588,65.355,49.178,72.473,2.345,19.459,76.008,4.827,59.06,70.17,42.16,76.237,89.696,94.136,11.943,51.591,81.748,77.922,29.296,19.021,40.211,13.413,79.563,61.353,96.091,68.775,21.51,84.459,33.486,32.535,35.67,17.91,4.504,73.161,52.418,96.041,53.283,20.944,25.933,1.938,28.158,76.341,39.005,35.044,55.214,2.643,70.003,67.411,92.641,67.67,94.946,53.146,30.83,67.175,63.426
384,MW out of current total,0,74800,36684.668,5401.165,64202.593,36029.704,39112.838,11894.567,21395.904,20814.352,70104.33,70487.488,37191.346,45931.368,38492.45,17467.085,32047.171,46709.985,20951.432,40124.189,59855.601,40294.664,9046.288,31663.459,243.678,67096.687,24254.449,5741.853,27458.911,54916.393,20605.574,42177.903,533.962,73073.266,52326.647,71670.486,30513.289,31762.218,10514.19,58680.206,13342.03,7206.063,6329.158,5948.238,53555.113,15910.855,52052.118,55540.702,57226.924,3284.681,40210.793,44148.652,6063.222,21058.155,49808.398,16324.435,16871.38,28262.969,8924.865,56427.2,20439.253,36838.076,72962.327,20586.718,45185.205,20293.533,25217.557,11644.959,67815.712,54595.706,33309.186,2233.313,22126.658,7678.077,26791.035,25419.634,16644.088,50480.867,69955.969,73119.512,35897.757,24688.848,71345.928,32011.06,49943.412,45780.421,61958.135,51269.299,49688.411,8462.861,42664.179,56577.983,31058.155,53317.738,3674.488,64109.293,64724.798,11387.855,39046.045,61421.312,18189.399,18745.806,38803.335,20227.164,34941.399,60101.178,51067.859,29093.131,71367.509,6490.95,48980.791,74054.373,55696.757,11463.588,34071.53,29521.536,15766.789,57446.114,63727.4,17286.58,20935.694,62405.105,69460.609,16463.251,61964.822,67438.063,35679.038,33190.331,32187.635,13755.176,13705.395,55207.089,69941.765,44664.814,41027.177,56481.542,897.84,16553.687,12355.021,39771.928,11091.62,70026.946,30003.145,53443.548,50307.195,59322.262,66403.203,8041.622,22719.845,30140.915,61015.098,4921.892,25504.701,51814.409,22908.848,47107.001,32567.774,39914.138,46518.451,40755.699,35195.297,44843.248,4676.6,23241.411,73553.465,11757.048,65415.562,37278.088,21964.721,15418.56,56897.435,17673.374,12720.476,13815.425,54502.539,4103.314,55259.66,13296.529,17012.518,60565.727,29278.148,5602.387,40638.502,58201.485,49410.933,47492.814,61723.953,59184.548,61895.424,25614.918,41557.259,7001.546,60810.934,48488.968,65908.035,49374.08,533.817,4517.5,17112.702,32959.211,32491.851,53691.057,61339.153,12444.028,25418.902,63814.79,50244.933,61080.887,42193.706,20674.594,54569.618,8742.332,55935.165,12850.996,29114.084,28085.728,18414.499,55290.818,8412.214,45439.4,19624.778,60064.958,21522.568,52892.332,31814.039,37265.974,3958.105,32307.076,71336.957,21821.567,54298.972,9031.849,3352.012,70390.961,5104.315,24690.648,5511.539,50092.701,63648.765,55307.764,43381.577,72322.234,72915.078,16110.544,26388.966,50559.551,46665.83,8436.634,11487.353,36282.318,56898.238,48467.745
385,MW out of current total,0,74800,56962.761,48456.23,7605.753,27565.306,43765.404,38107.177,10302.469,54946.083,5635.827,8795.977,17280.138,20054.159,51829.679,19738.538,49206.289,35215.872,61601.312,54804.737,63003.76,54716.895,25491.344,38420.037,34310.944,55049.914,33587.597,52465.488,45399.509,51199.07,48242.641,2748.648,48704.797,12693.896,20760.632,70058.492,23903.014,25295.382,60410.102,40560.537,22348.197,26025.805,39914.952,44098.38,46145.638,58233.702,30381.84,24075.462,63969.985,69808.6,54260.705,45627.614,13427.972,12449.49,256.701,51629.633,4418.455,53075.114,44626.381,2530.508,42786.351,35450.859,52059.525,18002.78,63639.819,58521.332,42852.794,57475.884,32593.407,33690.249,24271.113,45049.417,16349.658,33898.481,48490.597,14430.72,12091.883,32470.174,73497.981,7907.397,14148.226,69688.444,31747.311,35291.574,5668.309,62987.692,60471.103,2910.845,39446.669,8692.327,5997.452,27260.609,27486.671,5816.038,10622.168,11511.104,9634.802,3809.232,56038.134,27282.864,65691.392,61411.719,67445.569,1065.035,5234.652,14422.966,47773.056,33500.406,47249.194,20388.292,16671.716,28201.684,11522.001,62971.29,63214.637,67528.3,10186.019,7035.241,28877.535,48388.451,17066.738,59560.207,1392.017,22002.379,24480.121,2618.879,40940.097,1391.877,10094.474,46341.029,23948.902,69309.41,13862.182,35635.436,14989.492,325.835,56594.964,6561.702,18400.905,65343.724,6297.495,51977.224,5175.048,43634.83,19680.755,66578.628,33702.203,62669.674,21688.533,1711.199,30461.411,74589.75,40578.473,25356.54,31063.205,25121.916,56795.075,12056.331,70136.247,68378.468,40243.292,54219.174,11734.892,45062.748,1033.898,56127.776,30011.732,58968.635,48730.843,62517.912,20340.698,13191.271,60730.987,61999.062,25215.418,28342.272,71430.437,18972.562,62873.844,34110.23,66582.806,2325.262,15545.566,73671.978,65284.149,10699.879,13469.481,2836.366,62625.949,43990.74,11509.677,42353.563,65514.365,10853.598,38391.604,13832.453,41852.755,19426.554,18339.421,74024.718,36812.78,38394.359,23542.239,34259.732,25564.062,34527.796,48809.284,62437.922,12623.255,12761.377,45128.33,53031.967,63038.81,57484.831,55387.417,37052.902,36925.669,24670.934,58268.168,58576.132,40724.862,57017.83,1853.158,50716.914,49874.639,22056.952,3323.005,59645.182,19426.526,5737.212,53204.335,9073.13,19495.469,47928.595,70603.036,31721.486,30879.239,13800.283,73250.342,35409.676,35146.846,15291.199,43692.479,57827.348,43417.001,11479.894,67077.293,45648.846,73490.292,39482.332,28825.745,23387.295
386,MW out of current total,0,74800,73689.145,12652.67,20018.6,38659.353,11689.621,12905.868,12045.343,5239.047,36624.092,3922.879,47745.812,10715.641,6184.952,46431.679,1059.755,40007.796,21892.39,62071.125,17212.715,16291.944,30673.414,28672.272,28633.846,6363.137,31605.072,56830.272,41478.572,37624.814,23054.939,17078.369,30078.731,23490.475,58602.211,43785.328,29880.683,49958.545,1121.878,54988.524,70196.943,61726.866,68389.047,1444.408,1785.947,38614.624,71030.129,5573.483,8340.393,37699.611,51121.577,55445.669,55205.003,27937.855,50203.005,551.639,73057.147,14707.64,30696.607,18624.358,32149.849,22580.016,43234.911,3354.613,45839.687,14800.453,13188.297,40983.693,13933.398,13547.492,69731.833,52193.054,52311.84,72217.114,61628.608,74733.973,74045.151,69586.646,61464.887,30880.627,11107.243,27731.827,62790.533,19489.959,57643.385,38347.151,28870.589,40579.381,43173.488,9955.706,3703.899,40216.521,2369.848,7960.672,8749.959,42996.775,393.397,34878.227,3689.252,33552.337,4933.946,21384.782,22115.226,20036.936,54539.158,5038.956,30090.185,65553.688,21703.904,956.249,73411.618,51905.651,15653.274,17336.406,19566.233,2768.8,63305.56,19209.471,52088.481,74589.659,70301.761,26114.722,62557.526,27292.698,31130.619,43241.942,35405.321,4174.026,11205.338,23574.516,50480.429,2030.036,71466.426,10183.967,56824.564,56897.603,54721.856,60392.002,35722.575,64511.82,54305.394,20491.92,23277.638,69705.658,69458.501,43335.316,21594.147,49133.707,34362.897,11186.155,56433.867,14634.252,42542.417,28685.302,59897.529,5200.416,10968.856,24648.322,43042.296,10799.412,48737.413,61913.934,23120.329,44733.501,4921.188,56224.587,51115.486,21567.862,26124.835,50213.37,59144.396,19482.971,27593.901,39576.368,72549.473,16273.047,37576.29,13921.597,57988.264,51194.209,62086.007,43742.733,12457.306,72883.716,67018.974,10104.889,72646.472,73171.909,18852.202,73220.986,29651.877,4091.665,23887.952,66374.279,22055.945,40185.956,11850.857,36197.553,49486.017,28608.833,49384.556,50979.635,31575.447,17299.731,17871.382,57487.997,38405.896,332.681,42440.434,20855.568,64987.041,2374.619,64190.147,57953.869,6997.731,48864.492,14560.567,65397.981,55233.91,54236.597,2053.048,37923.275,49884.328,974.782,8412.559,11352.327,55039.024,5292.475,65407.575,25505.847,6299.476,15255.096,32202.248,30395.869,52788.75,31997.455,50706.354,49906.922,4931.945,5651.598,20269.346,44494.867,17446.203,73727.184,5082.808,6924.536,55533.126,52599.582,9025.675,18140.581,594.714,25512.378
388,MW out of current total,0,74800,64012.822,44441.9,54082.892,32803.437,27493.904,64128.205,53211.02,20242.631,66452.457,655.395,44483.005,64606.528,69918.513,13754.652,76.586,21229.898,69215.534,15603.981,51187.487,27652.515,37016.44,65816.746,7228.375,11044.422,28293.149,5186.161,57361.131,52388.851,66692.541,49260.688,36687.449,71445.895,50337.695,37326.528,31891.212,70084.429,40525.49,52670.907,4674.539,47535.179,11471.87,64530.429,20738.541,47460.923,20297.126,41045.051,67859.771,23319.763,22681.019,23361.876,57415.109,17650.931,22371.126,32704.64,55216.357,60059.31,14660.221,70644.38,58448.817,5922.302,50031.259,18492.512,26260.007,15935.4,22832.977,40399.631,8729.533,52195.739,49987.751,35313.744,65384.457,51914.704,4019.247,41538.639,48956.39,71542.032,26946.916,64542.4,38669.614,6248.92,2200.648,20567.577,55841.293,50641.131,12956.854,63458.904,918.047,54590.83,62711.478,53024.551,69263.816,51394.972,59644.336,4958.032,28068.111,15101.092,70491.971,9833.227,27712.742,42158.224,49161.859,20719.754,31496.655,10134.586,29818.029,52917.767,72577.974,61796.464,9020.002,69315.242,25033.187,16102.404,25362.747,38449.687,47365.801,47495.499,64870.492,52133.395,52672.002,74029.032,41533.383,38702.68,43226.098,38709.413,73403.227,56231.279,63757.366,56110.073,54137.843,34863.73,2943.598,35097.723,41289.484,67219.797,44120.338,13741.003,55213.535,10629.204,73777.46,25068.16,11728.516,28295.14,8612.124,2485.814,50937.695,34374.895,63532.552,35225.521,30005.472,54599.304,57349.979,60286.431,25800.255,53424.616,15952.36,41062.377,3993.226,39458.663,27610.913,40445.629,26148.547,19522.514,25578.744,21709.53,54362.827,37136.35,36436.278,62780.934,47711.127,243.728,52740.582,8780.054,1066.548,19886.3,47720.637,1268.187,45892.617,20159.122,6574.182,71514.251,3084.565,38428.33,71359.567,62299.254,56379.21,46466.02,17220.505,54474.91,43665.758,28694.33,13802.83,11652.09,52869.763,29873.62,14953.752,5986.454,67183.079,67120.185,43698.297,19083.306,22958.988,70071.3,40439.863,67119.975,23735.196,47910.121,68660.805,70136.077,60997.594,41029.433,52279.99,24608.68,71442.447,19275.864,62243.779,62367.82,53293.899,20276.289,60627.652,25284.36,17794.745,12265.555,52528.759,6246.715,22380.187,37234.603,44409.288,40713.041,54547.376,35425.54,1916.58,65887.383,17787.982,46799.734,34014.538,33044.444,66284.38,10415.327,8611.139,44417.671,49877.087,8163.2,60654.745,26838.862,60507.223,6759.638,4917.933,69292.183,42552.076,57779.5
389,MW out of current total /2,0,37400,30489.196,6941.116,30037.68,26426.4,27587.447,35552.103,5531.89,29015.674,7684.14,34481.565,7487.378,7647.142,35014.282,7900.769,10611.864,22586.617,18873.486,8327.691,31279.249,5554.752,3875.979,7374.143,28940.191,36778.063,35691.07,11010.005,9561.18,31381.753,22885.545,8891.579,17836.614,17799.591,276.039,28191.206,277.961,30828.36,14991.971,34648.559,31780.108,18045.379,21275.916,21582.737,37061.68,19592.403,2536.627,10233.664,21393.331,34708.88,30921.822,4844.797,4289.913,4373.211,4708.751,15146.307,28482.128,2342.235,19713.142,31844.104,14609.386,8590.317,32101.469,17434.133,31244.909,31690.737,14411.529,18765.889,18269.267,11286.614,14010.222,23556.197,12939.799,36402.202,27891.832,36355.016,22585.412,33907.556,2174.272,17527.835,7135.595,18473.79,7021.347,6147.375,19350.497,19916.523,9702.87,8511.809,25516.54,24996.755,14989.08,7554.129,25821.131,25717.516,4950.584,26381.645,7697.948,32814.089,3380.115,29993.457,30615.382,7119.78,17424.967,11156.087,2272.668,3.842,12011.643,20549.958,19827.04,17384.489,13977.774,851.107,13764.115,4901.155,19536.186,3304.364,34533.608,29635.084,16200.475,9045.953,35162.514,4670.268,11619.158,14921.259,1012.151,22685.127,35807.226,8638.179,665.413,33365.046,10778.033,9378.073,20497.406,25691.449,4121.653,23222.459,17956.85,8027.119,14610.968,23439.875,14935.221,17653.978,13804.067,19043.392,7714.35,31504.41,11099.635,17086.596,27712.768,5864.558,8381.269,10160.206,21527.29,16672.628,7767.367,36571.194,35713.205,2976.156,10267.311,13787.038,15753.502,31148.707,10296.909,4636.175,22864.801,33416.586,4877.095,13838.482,12119.256,18710.105,8137.991,25807.052,4272.74,35344.494,24233.693,20217.558,12439.853,15022.233,18857.176,6882.216,13272.801,26221.965,15997.69,15458.748,18120.012,13719.761,27414.365,17160.235,1416.241,362.716,1621.112,9322.571,26516.969,16042.599,14303.572,10250.86,11264.239,8735.68,12148.94,20757.601,29034.948,11211.598,26178.358,34554.979,30696.139,12966.387,1216.485,14579.35,1433.062,5341.182,24949.832,36006.95,22548.819,19208.735,11712.134,26075.806,11645.263,5019.565,34491.93,23284.916,17684.84,9153.488,25704.313,11788.019,21275.129,16812.055,28576.971,20783.634,388.221,23891.479,14764.723,1845.306,1970.554,8918.819,4392.87,31524.076,7404.174,33108.789,809.105,4372.827,31870.703,25159.765,32221.97,13557.218,660.058,445.517,23979.786,7468.693,9079.45,7232.111,10726.592,6841.947
390,MW out of current total /2,0,37400,5373.684,7780.168,2712.153,23129.324,3527.17,6829.465,10592.318,10422.03,16598.87,2301.172,14693.201,36267.006,26009.726,27816.408,22683.118,19742.388,12334.687,14438.343,10175.149,14127.402,12948.276,1203.742,21038.832,15903.899,25823.122,121.018,35841.159,20360.592,30117.242,31334.775,25877.126,14091.515,3554.358,5668.058,25792.878,26890.648,25034.312,13266.613,36206.853,18927.194,35240.361,605.055,1519.592,29845.655,22846.269,3245.764,17694.16,7865.167,36298.163,20662.154,33609.235,10699.899,22308.089,5886.744,8145.806,6658.164,21769.943,29809.723,29717.758,6881.674,24018.448,18209.822,34320.579,12198.267,20578.719,13448.324,4875.7,27946.096,26322.384,18917.132,29199.889,30411.054,13918.211,33083.148,20058.213,6244.602,18229.409,13581.423,27023.657,20700.429,23801.934,7886.055,9937.153,28459.127,27230.455,19551.408,4944.689,19425.351,30911.38,7569.338,35680.819,15779.211,32580.633,27706.825,23982.688,35854.649,27100.367,7744.214,3361.218,14365.441,2621.232,34867.783,12378.292,4783.617,13139.356,7399.146,9701.049,4916.29,24270.688,33966.717,3740.076,35649.013,21668.486,82.351,26436.505,4166.723,21024.225,23634.042,28574.848,37256.978,9726.229,31425.27,3630.128,4899.907,6237.817,5500.112,34260.192,27320.511,10945.461,18462.368,18530.013,8340.334,25531.517,32626.504,26508.519,32745.891,30083.626,15858.458,2524.056,36672.454,11048.512,23926.913,5724.25,11526.412,15443.075,33684.386,26647.074,10151.848,401.151,23540.983,35919.065,32509.427,11207.908,23047.308,745.852,15793.552,5644.756,19432.772,6463.801,7659.15,7167.269,27285.494,29243.106,30693.265,26753.074,35784.361,23505.081,35649.737,1107.041,9630.109,26099.815,3280.389,10511.314,15970.284,14665.12,13824.786,29384.794,28787.356,8903.64,25223.099,37041.868,29542.449,5385.895,29858.995,25785.941,15642.566,6889.668,12609.998,10844.612,35246.854,33029.863,10162.532,35990.966,32959.029,25494.895,8423.712,34529.32,36553.804,20284.431,8231.12,5085.704,12233.818,20884.073,8241.289,12011.223,25274.202,4808.288,25318.053,33035.965,14324.763,8466.504,8379.469,36344.942,17598.928,27335,33862.464,15572.178,18500.113,21128.078,26308.896,29800.703,36328.665,3763.769,10133.224,16283.417,11979.374,32024.093,6430.399,12108.183,3284.629,28979.986,36746.229,14162.423,4387.25,21149.901,7333.854,1325.987,8183.538,33601.958,30749.078,11821.443,11797.146,18686.695,31571.073,32644.275,34953.553,6218.998,2767.507,31088.1,25624.545
391,MW out of current total /2,0,37400,24959.25,34667.036,11968.921,13233.963,16915.46,5875.047,23357.664,10359.781,19861.539,36369.552,21416.772,10841.976,2268.028,31958.299,2097.334,27421.282,35102.957,2154.2,24629.092,27259.47,11565.046,19831.247,7715.455,2843.662,21242.159,10100.432,1159.666,27503.1,36921.081,16400.328,15975.889,20846.859,27843.785,20334.185,5341.45,23422.008,23226.994,2639.615,18515.758,2998.653,13227.761,36580.079,5712.915,29415.717,2589.866,14826.924,1273.082,16851.949,21889.007,13739.819,3819.7,7362.245,15904.597,24854.498,10847.62,32676.804,23031.272,4413.402,4334.32,29504.371,17613.323,17011.782,29209.516,31133.769,24781.767,15064.62,26821.298,4910.364,13197.02,23350.168,1329.544,27633.692,25341.227,31182.493,16501.866,21432.673,738.895,6173.145,25807.395,9364.429,7615.473,30250.086,292.141,31606.976,15029.631,27632.495,20194.597,24249.054,13518.059,16424.809,7613.625,26656.584,6555.869,8838.736,34390.69,34490.183,15132.895,35314.827,31416.754,29109.461,32061.839,3139.242,25409.165,2760.065,24300.544,35550.88,23390.36,364.458,19458.06,30359.028,27476.227,12351.197,2697.375,18217.371,27331.362,24433.942,22117.213,9180.474,14139.034,24075.09,36851.86,36058.439,11760.881,4267.865,35167.443,27254.46,25785.741,12927.069,32414.136,4818.269,34210.137,30773.933,29410.937,11429.08,9323.977,1978.643,282.578,20664.874,20690.823,5478.84,3484.591,14272.138,24447.329,34445.596,15501.031,5532.564,27189.617,36476.165,4968.599,33395.262,4504.771,33467.396,27786.558,33276.196,14563.157,16799.796,8795.816,6441.273,26863.16,23126.767,21847.678,36884.177,11762.635,20384.301,36931.589,13054.974,16914.669,31310.261,25545.377,33007.716,12485.153,29095.134,9756.015,18573.843,7724.247,20727.216,25761.73,11367.867,6537.943,2181.808,25742.822,20439.873,2174.566,5362.048,26177.389,12848.013,23781.514,10105.172,1690.28,36798.371,10838.955,31978.351,25875.242,28552.586,7040.435,28053.784,22169.497,1104.567,21177.042,24722.564,14295.812,18186.006,27921.776,8679.957,35618.394,26606.921,11887.749,13359.36,13237.081,12656.897,28220.387,3593.454,30714.403,1394.322,21959.221,2974.228,33027.03,1141.04,22776.949,19665.977,24281.983,27632.659,16220.221,37098.272,18149.471,19900.632,32611.614,1426.085,37159.5,19730.4,29385.895,15788.761,22691.05,12942.778,25913.222,1023.301,26661.995,24839.862,35878.515,26038.718,4796.806,9849.228,27523.076,791.12,27104.147,25598.322,364.605,22830.516,14168.449,14304.61
392,MW out of current total /2,0,37400,3226.033,14713.715,36127.202,14857.032,16187.781,14603.597,1140.344,37299.757,5775.112,25209.751,28595.583,19712.122,4344.728,5716.322,6441.115,23219.35,20748.794,18485.051,20646.548,13248.106,26890.68,33426.359,10383.226,3274.708,17805.012,24501.398,48.64,34511.01,19596.474,1799.492,7695.274,6075.047,4896.504,32169.85,27673.564,32456.784,23748.375,29497.708,25188.591,8012.485,187.122,30081.463,22074.034,30.774,20182.771,27229.613,35942.007,160.888,13650.964,23921.582,16292.02,25152.327,6195.582,20573.505,36040.165,37326.531,24322.908,19938.262,18940.408,16675.373,26159.854,32863.071,35300.483,17713.913,29983.454,23307.315,15149.071,14476.384,29238.828,10119.152,26938.896,14990.68,6801.076,28484.526,13612.356,7806.376,25880.62,16972.447,7521.389,1415.366,4746.104,7658.169,788.36,3308.882,4931.144,34774.569,15880.094,31134.18,34145.275,9252.549,19191.252,28937.219,2742.14,10844.382,3393.776,11342.633,7012.124,13123.249,6127.844,31168.825,1101.395,33629.342,6656.472,17624.756,24725.838,24378.911,34219.866,18211.528,35987.892,28569.652,7527.412,16028.89,3035.627,11921.863,9435.198,4140.626,31341.499,17803.954,23063.207,2068.433,29799.069,23936.908,14262.351,35441.742,8621.344,1682.945,24838.949,12848.725,6931.181,27222.252,28886.612,10233.344,22501.412,28720.628,19614.589,13259.996,19791.658,18511.513,12195.72,5605.602,36149.542,22082.975,19524.18,21442.472,13642.371,1806.553,21322.907,10608.798,20222.764,9281.364,20794.256,18294.13,20981.187,13264.4,33473.277,22287.151,29310.182,16958.997,13960.711,21870.744,25411.279,29191.995,19517.605,29940.435,1877.109,2579.157,4776.985,7794.578,6400.837,23612.584,5859.806,4370.767,25503.302,32632.226,2895.449,18686.591,13371.057,14309.724,21210.078,34958.388,330.677,1614.031,5880.625,19596.768,25056.688,13387.976,1206.638,24648.267,21499.496,23779.701,9532.314,24829.276,32160.912,32249.191,6847.087,25152.287,6932.556,18029.244,15484.905,12378.735,29796.959,24079.093,35742.663,12139.108,18788.31,15536.293,11012.993,22570.743,29489.748,415.75,28485.259,31244.026,5954.878,20761.885,1964.489,13550.979,17920.63,9922.935,26240.135,9379.792,15004.349,5892.72,25626.311,28488.789,33337.83,21961.462,13432.063,11111.634,23036.842,13384.637,3668.537,26123.815,23485.595,5682.351,34604.108,26754.786,19081.718,24107.238,21778.088,13812.241,7887.055,20064.053,24790.998,15589.302,36630.746,8101.912,27628.953,25663.849,196.843,6873.918
394,MW out of current total /10,0,7480,4285.244,7293.199,6495.191,4385.157,2634.25,6571.238,6660.072,3521.501,1980.826,2156.642,4258.032,7233.292,4983.093,6407.626,7221.038,6487.796,5703.435,3344.059,4751.255,3956.665,3748.633,1809.703,5591.68,3497.106,5662.42,3479.596,4847.574,6052.037,6950.244,95.152,2285.993,1569.027,1673.804,1607.181,2804.035,5005.749,4130.242,7041.212,5838.462,2951.421,5607.077,3898.646,5554.408,4308.734,2309.721,4826.101,379.164,1942.329,4782.37,4076.893,3599.805,1786.063,1021.844,2604.49,6278.273,3684.629,1632.986,1585.472,1346.366,4133.42,166.235,3657.264,5867.555,1435.64,3924.75,2780.852,7265.467,1759.443,6476.741,3140.82,4426.759,5285.671,1545.962,5419.861,5163.1,4106.549,2829.558,280.126,6345.511,3635.58,838.112,3573.894,132.053,3366.629,5560.896,3561.7,4615.836,598.374,3470.934,5888.491,932.773,3061.047,4765.601,1817.843,5778.864,459.804,749.231,2931.052,3300.238,2319.616,6585.53,3005.794,3229.157,3944.481,4147.586,4458.066,2972.822,6436.039,6892.644,6941.099,3175.755,4137.352,2836.993,7030,335.025,1114.949,6938.112,1106.115,1208.222,1576.055,2744.461,4706.71,2047.733,281.08,6538.084,3359.682,3768.42,2451.793,7131.387,7186.605,5047.766,6510.031,3292.912,5859.125,7059.188,7126.343,1439.028,1225.823,2128.238,5490.541,1577.142,7367.561,4802.034,2049.455,6064.246,7113.37,1758.872,470.811,650.249,5980.935,1844.524,820.328,3628.116,2446.744,5250.584,5509.493,2129.72,5350.08,4568.83,5378.075,1083.613,4708.35,2744.496,7204.572,4535.621,60.293,3571.076,75.572,4731.911,4508.545,3370.945,2199.922,6159.422,305.027,4940.007,2984.231,2016.638,986.295,2370.996,6640.924,1812.337,849.135,1526.969,2976.326,1247.606,1961.04,3059.959,5349.067,7295.714,3493.75,7030.871,4677.909,370.556,6437.187,310.566,1787.82,1749.28,5891.153,4986.456,2757.168,198.458,3626.597,4597.057,696.702,7087.301,4537.23,7311.28,4318.498,2298.222,5023.657,3385.604,5931.098,3541.836,1801.006,1284.24,4877.397,7309.425,5309.777,6646.263,5094.623,4664.129,113.225,7122.645,6645.216,5812.913,978.565,5567.825,6983.04,6255.079,5021.197,1478.171,7451.85,6648.535,5144.569,5517.123,1245.212,6927.659,4667.438,2759.89,1590.817,6049.183,6242.291,4186.773,3590.468,4234.242,2770.492,4251.59,3507.279,5402.544,7440.295
395,MW out of current total /10,0,7480,5282.742,4919.646,5969.778,3889.388,3149.861,3315.971,2006.433,5622.806,5476.446,6291.562,7231.822,6941.927,4162.555,6018.011,7317.318,4549.511,4634.314,6408.893,1331.69,4759.23,6498.373,1394.88,3713.714,5574.476,1375.567,6752.15,270.657,4481.876,5724.565,2505.402,4802.854,1326.057,1410.696,6603.661,905.318,5502.17,5502.283,5825.071,2196.631,1749.511,6340.333,4096.881,5295.382,53.034,3639.428,2849.023,12.648,7117.592,4214.264,6696.513,3003.037,7143.943,6760.912,3683.699,3735.528,2699.798,4880.122,4994.743,66.45,1268.303,5578.215,266.483,4838.969,6253.704,6016.783,5700.733,5573.372,482.426,810.334,4503.527,2456.384,2923.955,7072.662,6549.196,3600.316,3312.883,1640.756,2146.832,2150.495,6376.966,6870.416,1894.528,3915.728,4619.291,956.255,4350.9,1618.095,1552.032,4984.25,1535.6,261.1,6542.516,4908.779,313.733,2321.758,113.993,7294.587,4353.731,3077.26,4806.321,365.12,3845.734,2963.58,354.377,6637.033,6448.707,3331.745,4058.083,5086.434,5659.893,1868.919,5561.508,4249.92,6931.507,6700.638,2978.921,5120.498,7104.181,2438.255,3203.762,3411.495,4142.292,3280.34,1656.183,4505.163,5861.924,3785.665,2556.686,6.343,1532.652,751.189,5693.064,2078.242,8.834,5253.346,1299.655,513.476,2003.71,2872.227,7024.815,5303.876,1781.129,3591.491,1370.59,7192.383,2389.278,4400.253,6309.534,5663.542,2594.144,5917.648,7264.64,6651.859,640.659,501.622,7381.828,6451.692,4802.363,7216.598,2341.013,4976.01,368.106,6673.225,5515.859,3087.139,20.065,4264.882,1362.136,6763.662,7411.048,515.073,2847.318,5174.832,3514.352,1049.382,5828.121,5157.046,2944.597,4762.584,5347.88,1388.641,2823.762,2582.213,696.005,7087.252,1613.539,6585.477,6412.662,1877.958,7126.477,512.996,5732.043,7058.546,5514.484,858.334,4725.27,4245.72,4390.536,5858.567,4451.636,3365.561,6728.428,6754.21,2649.87,2899.8,4867.346,7191.049,6804.909,7231.614,1855.201,666.579,1220.427,4882.97,6160.446,2542.661,3793.173,3398.072,6452.993,7376.65,1962.892,3473.05,1967.651,1307.036,6350.063,1369.676,3634.073,4424.422,684.41,5122.977,1323.806,2927.645,2075.205,7050.228,2325.295,4021.755,4785.242,1260.141,2145.271,4222.562,7105.787,4811.356,48.601,6450.901,887.762,5947.658,1842.16,1092.115,1715.933,3464.412,7477.472
398,MW out of current total /10,0,7480,6668.156,4592.87,3044.448,1857.083,3559.721,4685.29,6798.361,922.213,2526.76,3570.062,7458.163,6745.447,5714.527,6131.197,106.196,2388.274,6297.997,6333.777,7376.373,989.393,4001.229,4103.428,7052.157,909.046,6665.987,4333.714,1948.706,585.407,3755.867,39.798,3371.685,2202.046,2397.115,1232.708,5344.675,5475.244,2158.595,5054.066,5484.759,314.013,47.838,2362.354,1137.323,1152.028,5528.373,3913.037,4250.372,5553.352,582.522,485.548,681.345,4032.318,7190.176,1778.956,3696.532,2592.741,4319.187,5001.817,1158.854,156.46,2978.624,6804.763,4429.557,1051.348,318.819,893.467,2065.777,4241.775,271.507,3757.492,6643.407,2235.138,3103.067,3121.348,19.353,5507.478,4053.029,1733.228,6305.296,5883.23,5578.248,2427.097,5851.265,163.881,575.35,4841.917,5861.815,4507.935,940.044,3854.661,6956.425,3400.407,1455.996,6051.341,2072.527,1335.963,863.103,4953.475,1759.158,3809.023,447.528,5113.572,5364.258,5899.982,6164.213,2025.081,4890.847,681.494,374.412,6320.093,2527.777,7228.349,788.941,4437.169,3105.341,4819.56,3731.288,6833.495,1169.97,3733.525,6395.442,4238.226,5534.279,3817.354,3331.243,6862.046,1741.696,196.447,69.688,3900.769,2419.906,2520.228,3055.696,3437.068,1899.324,614.425,7156.816,3609.353,1035.548,224.719,837.343,4124.758,6931.414,5009.628,1565.741,2607.981,1844.254,1853.788,3223.263,5733.657,5211.846,5044.229,1554.655,71.24,2693.546,1564.332,2224.144,269.15,4616.183,6619.963,6394.675,3175.728,5142.965,7330.524,3118.63,5035.941,4315.591,5124.63,2014.517,1610.936,2578.395,826.972,4165.524,5867.06,420.55,5109.107,1037.537,6925.596,1701.877,3636.004,1559.819,6636.953,6825.485,3568.781,6523.117,6145.011,3224.066,4661.622,590.083,4389.015,3756.535,2918.71,5370.662,1859.254,7233.628,6510.827,4320.245,3592.735,4256.796,4992.705,1545.449,759.969,6733.955,4856.041,5300.597,6604.507,6752.762,7055.407,5141.527,2088.358,6160.723,3496.265,7238.004,5836.84,1832.622,1502.952,130.256,247.161,2806.307,3092.488,67.206,6093.085,5466.894,1771.591,1846.568,2490.855,4973.411,1646.397,6132.165,5282.8,1925.547,3641.039,7036.623,2148.17,2109.435,4459.972,3437.432,4226.884,1341.913,2925.916,5805.619,1172.867,2271.458,846.554,5521.53,1155.846,1505.999,890.798,1523.494,6784.285
400,MW out of current total /10,0,7480,730.587,2794.492,2489.085,3049.329,6750.599,3025.303,7454.28,6936.61,5507.359,341.155,98.74,1021.004,4403.858,6994.588,3375.429,286.761,4072.625,3418.065,6366.531,4787.387,5872.274,193.686,3876.904,1881.177,2029.255,3931.766,1562.927,3835.653,2712.857,7314.204,1024.872,7162.629,3973.897,2227.701,7196.305,5092.547,555.117,2248.838,734.412,2129.372,1231.96,3338.225,7456.108,3111.878,705.946,2363.195,4112.884,1799.153,7108.987,4740.238,4248.816,5387.36,5901.335,3159.688,1683.056,3798.922,1351.646,5688.429,2949.472,6304.209,3878.215,402.629,4816.664,5026.181,11.494,5178.759,5817.463,4654.706,5314.276,7400.348,3201.509,2226.973,6460.808,6677.685,2492.426,2439.166,7143.527,4162.484,3646.518,1155.693,5089.299,1436.057,5220.738,2448.743,154.601,392.222,4989.392,3565.3,2847.728,2136.249,3010.076,919.001,6783.573,130.848,3906.34,7042.225,1205.583,6233.273,7197.86,6628.563,1903.229,6526.13,226.066,4610.517,3966.546,366.12,2758.811,4168.228,6888.004,1702.312,1932.248,3825.176,3181.973,6448.118,5455.301,2354.47,5237.855,650.811,3759.625,3399.486,5017.007,7376.854,4687.667,7358.948,87.349,5673.025,5859.662,2016.348,4925.868,6261.29,4406.644,6675.245,1904.505,4634.728,4441.524,1195.5,3244.082,6408.026,1557.13,1696.354,1870.941,7404.923,202.57,180.776,5986.063,3791.465,2588.881,4073.872,4382.229,2728.538,3723.909,1681.511,2663.471,2954.047,50.39,4363.029,1126.138,1556.025,1477.595,4792.576,947.405,2940.182,7365.148,7302.762,571.147,4115.631,496.733,3460.891,585.261,1288.686,4031.04,7306.093,4801.059,6854.495,1237.084,1639.708,5864.078,4949.382,2198.499,6251.119,5013.891,527.89,7415.084,5041.21,6352.485,4135.142,4666.073,1162.364,7372.434,2926.802,989.667,7335.695,4901.312,3303.187,2808.605,1361.58,1240.013,3024.243,1581.479,6765.847,2528.853,6937.859,3958.825,6266.882,5918.95,6731.04,7277.961,4294.426,4360.382,3455.977,5336.229,5819.877,427.17,1068.82,5003.323,20.204,4696.536,815.962,4400.63,2681.404,3531.01,98.646,4565.848,2097.782,4525.219,2642.593,4564.18,2579.307,3997.794,7458.935,6716.46,5865.714,6143.175,1009.836,332.871,379.452,4026.494,5206.846,2575.777,2826.456,3956.211,2226.797,2503.015,656.075,3638.048,6220.534,267.253,4725.526,2779.367,6644.903
401,MW out of current total /10,0,7480,1197.915,7327.246,1350.707,6596.019,4421.974,5964.185,2261.243,4949.987,7113.769,6054.522,5660.528,4870.406,2802.685,6451.5,5085.75,139.041,3621.816,5665.486,4671.499,3010.097,4814.103,6476.314,7170.922,3185.461,7149.05,6048.188,6496.075,706.463,525.66,3772.536,1263.686,1189.698,4177.049,2573.665,2236.884,606.624,4299.455,3250.312,6591.977,5268.506,4835.307,647.302,5750.083,3908.061,1107.725,881.398,6147.566,3539.469,539.018,2112.927,4973.604,3810.881,3832.238,2798.439,555.632,3806.431,1830.154,4768.979,5451.687,1377.933,1616.554,4227.616,1887.434,3085.195,5164.812,4782.374,7351.063,1833.975,5062.277,1734.505,7185.584,3280.882,1855.135,2867.627,6197.38,4486.669,5528.066,3083.622,1918.16,2118.125,2951.912,5708.963,627.757,4436.611,5806.404,4750.752,894.029,2445.884,6087.716,4359.311,6817.565,4093.782,2574.514,1011.167,3976.669,1086.958,5427.666,7375.799,2733.587,1155.818,4903.111,886.653,3705.551,4847.588,3758.7,6427.377,3853.993,4390.18,5899.182,5843.723,6996.105,1228.217,1252.203,3051.092,4247.084,5981.91,372.421,4898.081,6562.535,5233.976,6472.92,5972.771,1440.255,6731.905,7339.048,5416.04,7425.124,2778.034,7017.474,7123.385,5772.131,6348.051,1420.598,2825.592,3337.835,4864.223,6432.587,5552.262,736.145,5821.464,2345.775,1441.97,4648.575,2320.045,946.144,6512.051,5435.563,1227.35,4171.835,4097.77,7223.061,5739.83,4675.841,1833.045,4738.798,432.381,734.743,2744.141,3728.574,3053.941,6100.03,113.022,6557.11,746.617,5572.123,1594.367,2840.516,22.991,2335.755,3213.547,3567.299,7144.403,714.682,2128.324,719.662,1162.294,4547.457,3435.387,437.662,3368.159,4463.639,1202.601,594.419,3825.617,2477.577,3684.486,3582.461,4793.909,6995.191,5136.342,2919.338,2661.809,4865.014,1113.818,6797.84,6045.907,1574.17,1968.797,6294.73,11.862,979.758,5260.142,126.547,5909.997,5330.111,3217.592,465.038,2745.113,3128.259,6088.066,4387.304,2321.401,4728.877,6453.378,6544.345,2938.329,4861.387,2990.198,6504.317,3814.513,6746.639,1528.538,6674.304,727.521,5639.817,532.095,6540.953,2874.137,5105.85,146.508,2949.556,4440.304,2966.186,111.927,2702.196,3791.734,6573.875,7445.272,3011.546,405.752,5628.702,3158.536,2964.416,7315.728,6146.217,3650.939,5475.187,2632.438,1336.179,3536.849
603,% out of 100,0,100,86.352,84.282,51.143,26.417,21.482,74.209,81.004,42.532,5.597,88.997,74.301,64.778,7.796,6.836,96.745,79.496,43.644,99.999,4.829,73.938,34.5,3.95,91.452,56.954,50.049,55.089,53.678,69.798,36.544,26.279,35.249,54.645,54.971,46.453,50.28,74.502,58.828,85.428,95.446,62.514,97.195,10.781,61.336,90.706,58.906,14.896,78.999,73.473,53.298,48.98,90.561,76.361,66.686,92.532,25.027,22.944,18.724,40.518,19.361,21.904,5.857,14.93,5.751,25.801,16.286,95.899,58.345,41.83,96.943,55.947,60.548,13.69,52.714,12.114,56.653,64.146,63.063,10.326,73.054,12.65,0.597,22.119,54.529,69.166,64.742,32.93,52.635,28.414,38.039,23.484,12.386,4.559,96.38,32.744,76.633,24.736,94.644,30.168,3.019,97.191,47.132,14.659,15.505,11.538,72.695,20.322,89.343,58.568,14.307,24.586,60.966,50.592,15.623,3.859,28.155,45.034,23.896,67.245,50.539,46.343,85.775,98.766,38.119,11.371,12.638,38.248,82.997,12.615,15.528,20.187,93.935,61.658,23.866,32.576,79.764,3.47,58.762,69.972,50.559,37.352,93.632,44.178,8.914,6.12,71.032,61.553,67.444,4.408,11.114,12.889,5.805,59.172,97.696,20.056,41.228,53.066,24.347,12.869,58.469,91.738,91.292,59.058,21.825,11.974,80.945,90.891,47.372,31.955,9.697,7.664,99.145,30.289,93.528,43.063,21.623,64.861,56.925,76.519,40.789,7.322,7.188,48.895,55.994,29.015,24.443,73.028,58.361,82.986,89.657,19.292,70.232,32.921,89.628,26.429,37.376,94.705,64.084,34.969,66.519,27.842,31.12,71.946,50.411,75.143,36.865,50.775,3.895,73.81,71.858,31.403,77.235,78.451,22.701,61.987,73.871,51.014,25.459,33.632,85.386,0.567,80.213,75.458,59.368,0.743,45.812,20.696,94.254,53.219,61.518,41.241,15.63,53.809,44.598,35.304,92.279,38.68,3.748,77.456,96.472,57.251,1.509,95.666,17.572,12.337,96.67,80.681,62.606,85.803,6.297,65.177
604,0.5 to 30h RSV,0.5,30,28.034,17.935,26.743,11.8,24.341,27.286,16.373,13.952,7.454,29.082,4.087,7.347,19.352,8.367,13.948,23.572,4.58,22.08,7.349,11.453,1.16,11.645,18.343,13.819,12.583,19.9,11.02,23.663,3.33,18.25,15.535,14.918,25.05,15.043,25.197,2.315,3.872,6.498,8.038,5.571,27.183,15.544,28.868,16.237,25.209,24.934,0.571,7.716,4.382,22.183,24.602,14.529,22.461,28.047,21.304,8.52,18.368,12.638,26.939,1.598,2.028,28.62,28.787,5.011,18.919,15.613,19.208,14.081,21.922,3.328,27.911,24.365,8.337,5.454,12.311,6.668,21.567,19.119,27.181,19,5.836,7.162,12.254,6.799,25.635,1.776,15.953,24.642,8.937,28.171,29.037,4.45,19.608,21.673,8.433,8.184,28.008,4.118,25.204,6.119,11.151,10.575,18.476,4.901,24.505,22.812,13.242,21.998,17.999,4.368,28.531,27.903,3.924,0.196,3.041,19.948,29.26,4.452,22.054,5.492,25.737,10.613,3.088,5.289,0.034,11.852,0.109,24.294,18.76,10.609,26.145,18.68,16.325,22.129,27.023,24.606,9.714,9.127,14.699,9.381,11.004,21.249,21.982,2.041,6.811,5.801,9.396,9.765,1.629,17.252,16.315,11.325,27.061,21.254,27.849,12.66,27.886,12.535,29.256,9.094,18.635,19.36,6.329,9.73,8.015,1.887,12.82,16.579,13.625,8.847,3.92,5.853,24.636,21.703,21.188,26.836,11.14,0.274,24.641,22.487,11.563,14.195,23.932,2.863,13.592,6.329,28.114,24.009,8.358,0.999,29.333,29.497,9.87,13.492,23.651,2.692,2.838,25.697,9.527,18.724,27.081,19.062,18.54,8.548,25.126,5.365,2.161,3.053,28.554,20.776,17.772,24.869,23.288,19.861,2.454,16.859,12.83,16.336,22.066,20.262,11.242,7.663,0.699,10.291,12.489,6.8,9.245,23.93,26.054,18.216,17.328,29.463,2.275,29.499,2.869,14.033,24.698,25.269,26.667,21.246,11.591,12.045,4.061,21.266,8.826,15.993,17.2,12.098,19.666,25.819
608,% out of 100,0,100,87.434,30.491,49.215,98.957,89.279,10.834,39.58,34.102,36.755,53.747,88.862,52.542,42.148,6.896,14.565,20.807,31.598,92.18,15.49,6.286,54.817,52.915,62.318,55.793,21.584,47.228,54.105,11.95,25.191,51.683,76.979,4.173,77.438,19.268,81.582,14.04,95.401,34.964,28.539,63.977,54.246,45.518,36.012,18.231,38.913,98.672,30.55,30.526,45.913,24.957,96.484,5.282,84.602,30.378,48.185,71.043,88.561,63.006,13.959,18.115,81.155,37.127,33.015,22.998,89.777,52.375,18.273,13.396,98.638,80.845,85.206,72.457,53.823,81.413,14.652,64.972,14.8,67.414,40.975,54.913,17.846,70.656,1.096,75.983,36.413,48.826,52.772,45.754,15.989,54.665,20.013,58.948,28.895,22.276,70.534,87.726,83.914,57.363,60.931,65.431,23.616,93.453,22.627,77.04,86.671,10.253,11.75,36.591,95.841,50.439,28.993,55.389,38.461,20.154,31.81,84.202,57.345,41.285,88.995,84.396,51.794,99.434,77.088,26.167,42.378,7.652,99.186,83.881,18.312,52.147,78.671,59.658,20.565,50.571,22.842,46.672,54.353,0.751,76.88,26.929,65.431,52.706,57.312,70.738,25.936,17.265,9.574,59.752,52.077,68.888,86.052,48.816,65.884,71.764,26.047,52.404,94.491,75.328,53.998,85.021,45.622,15.135,97.612,26.541,59.533,94.145,65.949,53.202,29.86,82.193,49.372,20.988,4.889,53.672,25.671,86.811,6.06,54.361,60.507,66.303,6.498,31.529,41.191,6.196,94.064,93.437,20.938,48.429,27.062,32.656,39.063,27.443,48.534,39.109,70.572,39.586,33.48,45.445,72.525,66.504,93.452,69.316,16.146,45.212,87.412,95.874,5.327,89.976,42.039,97.394,75.771,38.798,16.468,88.902,69.827,86.774,92.275,50.589,13.15,99.947,18.036,29.457,55.381,59.226,47.674,19.14,32.056,53.298,29.663,39.843,33.905,66.367,90.5,58.41,14.582,87.813,96.704,8.684,88.463,52.857,63.984,59.805,67.873,86.594,14.8,41.029,69.4,79.863,47.628,34.471
609,0.5 to 30h RSV,0.5,30,20.613,19.922,6.769,0.999,0.66,5.491,13.759,11.448,1.946,10.52,10.326,1.114,11.422,10.597,27.357,19.714,19.616,1.835,2.293,5.633,15.469,26.885,25.865,1.511,7.351,21.203,15.131,8.892,2.97,13.018,16.054,26.052,17.29,26.84,15.806,12.504,16.89,6.506,20.643,18.23,22.499,1.551,17.415,5.556,21.517,26.238,10.929,11.72,21.371,29.441,15.259,10.07,6.213,20.747,23.762,6.208,7.6,22.054,13.688,21.763,3.251,16.637,5.879,19.483,5.317,7.43,18.512,15.926,17.276,7.679,28.588,2.645,17.402,11.615,21.182,1.024,16.034,8.226,7.618,2.078,29.459,1.054,8.115,22.431,2.11,6.686,24.098,17.613,21.814,5.607,19.115,17.238,7.282,20.611,9.482,8.127,21.1,5.229,16.437,9.651,3.866,15.876,18.547,12.668,3.14,26.859,18.186,16.573,12.976,22.394,8.108,4.171,0.326,27.528,1.006,0.383,11.978,6.402,12.575,16.857,5.413,8.949,14.649,5.992,3.688,18.457,10.893,28.027,24.769,22.495,4.636,15.969,19.32,21.364,15.107,0.049,2.048,23.584,20.454,16.769,23.95,21.33,9.606,20.982,0.91,23.927,23.481,4.626,27.957,28.952,27.733,21.873,1.713,11.449,11.965,26.692,15.622,16.72,4.491,0.066,1.59,12.679,0.823,25.945,9.061,10.075,8.084,21.503,12.274,11.896,6.114,15.164,2.45,12.615,14.646,3.676,8.395,22.398,15.712,20.791,26.358,25.218,6.377,8.015,14.362,26.011,16.971,12.363,0.965,23.805,18.443,14.933,16.318,17.539,8.218,14.599,14.517,25.068,29.358,19.667,23.712,15.629,0.71,19.041,10.627,2.702,3.072,0.068,17.863,5.717,28.892,14.508,15.071,19.305,8.948,27.066,17.561,12.391,12.916,12.693,12.116,10.56,21.919,8.354,18.795,25.131,6.326,7.954,15.582,17.705,9.407,19.289,12.715,5.566,4.442,8.763,11.708,28.978,5.417,12.959,21.432,28.558,7.314,28.42,9.103,28.986,10.989,9.947,14.878,16.893
610,% out of 100,0,100,35.574,52.601,84.122,37.072,85.114,79.994,60.367,80.745,5.366,2.543,47.394,25.623,70.055,81.004,8.589,77.666,67.466,85.061,26.617,10.849,87.886,50.835,69.034,48,14.894,65.419,38.676,69.088,73.763,41.492,10.252,42.841,65.019,43.739,95.614,79.508,74.226,77.661,29.897,61.445,36.565,48.937,63.299,36.714,59.609,67.322,70.04,33.868,15.156,15.749,66.384,26.081,65.285,3.228,43.65,31.835,29.808,81.839,58.533,99.357,37.903,62.45,46.32,67.378,14.629,28.364,79.671,95.834,65.869,78.757,79.778,24.511,57.605,50.857,62.111,38.644,28.779,8.187,47.888,39.293,25.616,58.247,10.566,40.029,12.75,87.918,85.463,69.253,24.637,92.617,76.406,15.846,67.191,20.46,68.15,56.305,35.182,10.103,53.996,63.627,78.463,86.672,58.475,77.156,96.829,82.578,15.538,72.567,71.581,67.109,88.138,12.793,47.907,75.543,13.317,34.8,46.743,53.503,33.968,31.619,74.899,41.54,49.419,27.732,35.044,85.546,50.002,46.306,41.638,97.17,61.214,0.445,56.84,84.072,60.493,34.149,99.034,23.991,30.895,34.821,58.193,78.213,63.917,93.617,0.504,44.077,52.564,56.797,62.715,18.774,60.784,68.255,77.534,9.088,36.575,31.165,11.962,93.562,44.584,83.175,53.122,37.112,79.823,55.33,66.216,17.939,94.688,60.849,91.539,75.331,12.112,55.879,64.41,12.425,33.957,17.31,75.166,14.841,15.654,93.32,46.253,25.554,85.593,89.875,96.198,82.498,2.172,49.686,79.439,83.521,43.47,52.964,84.76,5.883,63.432,37.524,45.44,0.592,10.638,38.23,25.961,19.001,16.394,64.053,59.043,17.705,78.723,26.377,80.679,68.422,77.749,18.121,32.034,72.435,21.86,6.432,92.464,3.673,12.887,36.507,98.018,81.294,51.849,89.924,4.287,76.275,23.746,92.855,75.751,26.814,86.61,60.379,85.306,52.933,96.623,60.581,31.253,52.838,42.915,97.324,20.81,71.568,31.789,74.215,96.576,83.457,54.86,71.935,37.247,89.282
611,0.5 to 30h RSV,0.5,30,20.892,11.268,4.996,23.222,17.563,8.21,6.163,2.42,0.585,7.566,14.539,14.528,19.805,20.187,23.851,15.262,13.292,12.895,24.692,0.285,7.15,17.608,4.23,28.429,29.212,28.12,9.031,23.118,6.121,26.359,7.378,9.278,4.613,26.896,17.739,10.949,10.925,6.533,0.996,2.984,27.611,18.509,21.599,20.755,4.055,22.224,11.38,23.975,11.192,1.42,14.71,4.393,0.398,0.325,17.299,28.421,5.97,24.123,28.553,4.385,27.476,0.343,13.216,6.833,1.316,25.564,21.685,0.553,16.562,26.367,11.945,20.767,6.747,1.656,13.07,7.985,28.347,8.644,23.931,1.661,0.641,20.587,1.753,20.979,24.498,19.354,19.367,24.365,12.068,18.405,17.061,2.749,6.044,20.472,18.386,25.626,4.477,16.628,8.705,12.533,26.478,10.239,4.375,14.847,9.54,0.65,13.097,9.794,2.268,12.066,2.933,16.121,21.572,6.622,21.644,10.63,2.971,25.681,27.88,17.094,0.441,24.874,20.901,23.421,22.648,20.627,4.276,9.956,11.757,21.098,26.146,8.393,5.004,5.677,25.388,0.593,2.076,19.637,1.868,10.421,7.654,20.227,28.178,1.008,14.874,18.655,18.544,0.003,12.407,5.325,26.293,1.155,11.238,2.114,23.445,24.885,7.259,11.421,24.554,9.093,5.757,23.8,15.036,27.001,11.836,13.242,25.186,5.916,16.62,21.613,6.379,15.07,29.289,24.681,23.847,9.333,11.65,17.813,20.968,3.561,22.298,21.588,24.433,22.046,14.207,18.618,19.709,10.177,9.684,14.09,18.649,6.754,28.624,2.38,23.14,21.979,22.818,2.539,6.287,4.185,2.59,9.962,5.281,13.143,0.307,14.87,5.629,29.399,16.978,12.809,13.754,17.03,24.495,12.55,26.543,1.21,10.686,21.713,14.194,22.583,7.513,8.886,6.893,0.868,22.052,1.946,28.171,29.265,21.825,17.355,7.497,6.028,16.45,3.735,8.716,13.949,4.77,10.062,3.803,29.4,5.908,8.632,5.879,9.264,23.278,0.966,8.751,9.68,25.569,4.162
612,% out of 100,0,100,87.601,17.015,62.049,37.945,22.37,98.317,65.245,60.278,12.925,48.626,52.272,67.459,12.946,88.672,20.557,61.687,11.771,17.731,84.186,54.865,19.494,20.146,49.548,94.734,77.561,54.296,38.016,30.439,37.038,20.411,31.057,62.727,31.232,7.851,28.373,40.501,31.432,80.97,90.321,21.73,52.236,67.977,20.739,30.755,74.539,85.101,61.74,72.47,1.548,28.109,54.726,70.558,28.233,86.484,52.246,63.185,57.639,82.051,60.728,76.961,69.898,40.631,41.733,79.698,85.706,32.959,24.471,86.718,8.831,79.919,12.978,43.568,97.84,97.146,27.417,62.276,52.935,62.778,69.62,74.253,71.628,18.263,7.863,39.722,16.035,21.192,69.949,4.558,20.864,21.044,86.63,87.498,39.882,61.783,40.155,72.805,29.696,70.527,94.296,2.908,87.724,15.844,20.569,54.79,68.514,91.646,64.099,81.615,36.69,94.819,54.781,5.883,91.778,54.248,60.843,70.398,19.749,79.698,44.577,17.643,40.313,26.352,63.197,82.43,58.76,8.832,28.423,41.873,51.211,95.461,46.624,33.835,70.961,33.215,0.437,90.217,8.612,0.305,86.267,42.162,53.788,51.629,51.634,32.174,27.315,10.334,0.203,60.904,1.421,49.752,48.388,74.012,88.554,57.309,55.359,73.028,27.622,48.445,16.888,90.019,33.964,1.683,10.719,90.795,58.052,16.296,7.612,36.48,31.884,3.099,41.525,55.246,13.663,49.656,95.754,3.542,6.203,34.444,6.437,36.919,80.175,84.449,50.245,25.921,51.074,23.416,63.278,63.346,42.291,35.67,29.716,9.229,39.351,88.04,54.182,44.349,91.218,56.552,61.655,40.524,77.157,9.701,21.148,15.962,57.966,96.156,15.25,28.288,90.949,29.783,5.055,81.738,80.954,32.135,18.82,3.678,3.743,2.675,18.119,22.493,0.167,54.287,49.484,76.233,60.777,60.754,0.166,88.487,28.285,84.9,66.276,75.989,74.53,22.947,65.743,89.392,23.1,5.888,2.032,44.994,19.599,58.602,54.308,98.52,18.392,16.57,63.712,61.875,53.629,15.114
613,0.5 to 30h RSV,0.5,30,12.547,11.373,21.52,27.47,23.743,22.826,22.896,9.565,19.819,12.566,27.51,20.977,18.182,17.991,12.657,11.925,5.574,28.415,4.586,2.983,28.774,28.439,0.361,2.517,7.731,22.142,23.251,26.516,11.881,29.311,16.98,28.868,4.833,16.352,25.814,0.986,24.355,27.561,13.099,22.927,2.871,12.768,1.076,10.995,15.514,0.697,28.112,12.888,14.844,24.442,23.025,19.895,1.183,20.824,24.944,25.286,25.817,23.257,13.52,27.266,1.784,26.251,16.804,29.442,10.478,0.579,26.351,10.081,16.868,0.38,1.904,23.539,10.378,9.011,11.842,15.918,15.845,1.708,11.754,8.904,16.249,2.247,28.699,20.418,17.915,23.683,9.678,17.099,7.911,17.715,22.623,10.942,19.525,21.481,22.933,6.573,27.796,28.544,26.398,9.264,12.905,24.421,20.433,27.373,2.523,24.904,24.671,9.258,15.655,9.587,27.709,20.309,26.866,13.971,7.796,12.041,7.07,18.779,10.883,5.326,8.94,26.791,27.989,14.536,3.898,1.523,22.72,14.068,20.954,6.092,29.475,4.491,7.191,23.277,21.594,18.717,13.476,8.364,13.311,25.851,26.233,5.725,20.424,10.384,8.257,13.859,14.923,21.781,27.624,25.323,6.18,5.028,0.654,6.87,2.042,16.534,29.465,14.454,19.402,1.528,4.079,19.305,5.699,9.454,4.528,25.909,29.29,16.297,22.229,10.782,15.362,12.645,21.463,0.158,5.126,25.775,7.435,16.535,22.768,26.468,24.491,17.408,6.76,8.675,1.599,21.663,5.383,27.571,21.105,16.162,2.158,12.768,2.196,1.172,8.074,11.565,5.35,25.15,2.866,4.422,6.988,25.063,22.007,17.925,20.602,0.212,25.589,7.909,9.14,0.28,23.75,11.773,14.593,16.294,12.99,28.099,11.496,22.968,23.256,16.903,20.09,6.984,21.732,21.428,6.668,28.893,16.987,10.756,23.076,28.564,6.981,7.395,6.944,26.778,1.493,15.618,8.668,23.869,20.944,17.427,16.195,11.752,11.448,8.252,3.861,27.65,28.548,1.523,9.043,17.297
614,% out of 100,0,100,47.443,35.087,97.341,90.274,9.989,86.731,11.733,77.96,13.745,5.875,89.179,98.36,42.73,18.757,95.704,94.515,67.533,12.106,73.27,59.222,93.125,51.917,74.101,37.777,38.103,25.59,18.421,44.457,41.454,56.873,89.611,26.799,9.841,62.696,53.428,79.742,76.02,1.793,60.661,6.304,97.896,63.181,7.039,34.311,88.772,77.932,81.811,42.641,40.465,69.358,45.802,60.914,3.108,62.326,97.747,62.913,91.291,55.854,11.606,23.749,46.231,67.839,90.495,55.631,97.075,47.424,46.177,46.601,86.717,28.635,38.729,29.686,48.238,51.825,45.18,41.582,69.93,75.928,8.782,16.463,30.344,88.094,7.376,20.516,91.027,83.955,58.796,4.357,54.395,64.329,53.103,10.033,28.884,25.595,14.679,47.455,28.386,69.372,2.742,31.71,67.616,40.153,99.401,88.705,49.879,24.009,3.285,12.689,20.676,68.453,77.314,67.762,67.651,37.236,45.272,36.385,15.265,31.56,14.822,84.86,87.165,86.769,93.942,69.66,48.668,57.696,76.735,36.005,8.442,26.646,91.661,64.753,38.875,10.499,61.983,85.932,25.118,70.711,54.487,56.108,32.431,60.941,47.529,26.397,94.548,28.302,40.079,44.513,27.587,34.03,22.182,48.946,40.018,66.673,15.175,35.663,86.157,54.095,2.821,15.576,39.915,57.746,72.425,47.134,2.087,81.394,71.449,5.708,73.384,75.018,67.155,57.971,69.04,68.626,93.089,81.836,4.354,54.451,43.074,54.88,18.505,39.997,52.369,98.568,28.112,0.163,54.492,76.141,50.537,10.325,19.061,43.516,17.257,63.143,42.29,19.384,69.223,91.857,72.057,13.129,35.131,47.903,35.45,83.524,30.965,78.618,68.532,52.463,39.89,43.097,76.145,65.053,55.466,85.18,13.421,20.842,92.939,17.497,13.064,8.353,9.09,64.912,35.532,88.665,42.905,69.542,7.846,52.836,23.167,24.557,7.303,61.448,34.257,76.797,63.67,69.094,63.445,68.043,49.931,38.684,50.007,20.069,97.555,65.172,3.443,63.385,25.34,47.481,48.599,94.733
615,0.5 to 30h RSV,0.5,30,1.954,21.522,17.386,27.869,13.829,3.859,3.597,28.129,27.522,16.103,15.395,15.613,4.694,12.142,7.243,9.771,10.018,5.744,27.154,26.207,28.371,6.612,24.693,5.89,3.997,16.368,27.341,11.621,20.701,4.326,3.087,2.463,16.8,11.077,14.142,6.292,4.548,8.759,26.164,5.408,19.156,27.424,3.477,28.835,25.897,18.944,28.449,15.367,17.842,16.205,12.678,2.192,10.052,12.387,22.326,10.136,20.731,12.199,9.512,19.894,20.999,18.729,11.189,19.665,4.565,22.973,7.122,18.959,2.08,16.779,5.504,4.685,12.243,9.938,5.649,17.44,3.651,19.931,25.461,24.228,18.078,23.755,14.008,11.45,27.506,28.544,4.491,3.27,16.663,1.145,19.316,10.562,10.406,21.738,17.111,3.941,25.723,6.845,10.512,15.517,5.996,3.761,23.241,0.486,9.456,23.239,9.93,10.301,28.092,25.476,8.567,16.287,0.369,8.185,9.96,5.764,19.835,13.257,17.732,8.949,18.397,5.948,7.976,4.983,28.634,23.956,27.915,5.144,22.693,6.898,13.87,2.497,23.476,25.319,26.698,17.505,18.471,2.672,28.185,17.927,23.433,13.308,20.707,8.087,19.442,7.524,0.159,0.728,14.925,4.121,6.223,7.21,7.78,23.741,4.876,11.58,2.984,28.58,8.462,25.387,15.652,6.584,12.966,2.535,24.912,3.93,2.323,16.335,4.088,11.971,17.546,20.9,0.17,5.822,28.043,22.359,4.426,17.032,3.706,23.659,27.81,10.238,18.052,15.784,24.093,23.904,26.452,2.779,24.864,29.3,19.655,7.736,25.995,25.762,24.655,26.355,24.076,1.853,11.771,25.434,7.106,22.697,17.213,26.639,22.198,20.106,15.165,3.076,23.449,21.112,11.482,5.957,5.173,19.968,11.286,16.988,3.961,21.503,6.389,7.206,12.418,1.056,8.182,26.672,9.238,10.384,13.018,25.032,25.159,19.416,8.595,19.204,4.708,25.712,12.72,6.215,11.151,5.495,20.657,13.362,26.768,17.733,5.48,4.143,19.738,20.443,15.32,3.973,10.04,29.024
619,"MW out of 50,000",0,"50,000",10420.571,34743.393,10976.036,2437.328,38059.613,16104.091,22556.312,24532.626,42162.519,20838.239,3427.358,13128.03,30890.606,44754.254,41769.564,35801.661,27682.794,23800.141,22012.919,48160.038,44695.605,23167.306,29139.727,49039.444,9173.151,44742.197,16240.518,12664.489,21199.234,49488.749,36068.87,19153.148,39795.18,43294.975,39831.425,262.649,37705.311,14319.27,30941.617,31432.021,10888.723,41609.038,33101.243,49460.457,7397.481,27746.302,36927.457,36919.196,40872.598,44439.554,10660.798,8798.177,6350.695,4076.455,33032.104,31860.374,22004.677,16628.859,14043.914,190.153,44529.747,118.741,35688.214,42415.115,30666.588,48336.74,39605.684,38900.447,29574.359,12576.715,37922.506,40501.318,41046.924,36589.844,21298.722,31853.169,24202.017,17218.431,10746.303,37398.437,24961.065,23315.594,10041.617,35836.08,26706.488,40186.312,14720.099,46007.313,31259.827,49827.584,28236.816,47745.8,31764.022,45566.843,20194.363,46822.152,10853.198,4784.39,17123.179,48926.353,26298.364,24745.058,44315.452,38792.08,1027.892,47140.714,1214.086,36298.184,3983.694,48390.546,12054.535,3251.571,5225.058,5316.075,39974.066,5911.92,10911.236,35699.442,45867.305,25227.495,38654.001,34209.978,23836.141,40081.231,22466.922,38538.485,45987.981,13849.56,5304.983,15683.269,33570.348,43109.593,10820.639,14070.275,27054.622,21878.199,10280.21,31120.559,21828.218,20935.95,27295.133,34384.123,40167.185,18078.768,8697.807,14506.59,33717.131,22155.633,21094.883,6028.092,24271.581,24062.574,14492.781,33470.918,34525.791,42075.165,12922.374,9327.493,39987.142,35464.219,5494.059,5560.957,33360.555,27638.214,10022.038,9267.761,25444.057,45677.997,44199.855,46813.003,16907.116,29014.156,33945.061,26148.154,43278.566,15465.42,26506.448,2252.846,834.475,47364.159,46572.936,27309.373,2080.413,39819.748,24231.385,698.133,35907.841,19267.454,40636.8,43933.68,9471.641,6984.802,39188.109,6634.023,37595.839,19280.858,13280.099,18063.429,40416.363,5640.238,36358.037,39209.426,20952.931,14087.487,41980.314,47076.884,23105.966,40162.022,12664.74,24401.525,7711.533,23409.414,19468.952,25832.361,11256.031,32254.798,10458.189,33447.878,47103.901,4326.695,27547.711,18495.974,49933.962,17157.659,1453.343,49640.293,1970.352,21412.825,33177.884,1775.497,4122.349,48237.541,46507.317,32481.62,450.067,18236.642,35234.707,32785.52,16103.34,23980.471,30306.359,17828.17,15447.263,38331.853,24932.919,3918.621,49190.402,5516.464,34464.359,49173.808
620,0.5 to 30h RSV,0.5,30,10.866,7.873,17.63,22.169,19.99,14.278,10.887,23.761,24.842,26.524,1.62,7.009,24.438,2.715,13.664,1.369,11.877,5.524,2.334,7.215,3.961,4.152,13.516,18.963,2.187,17.999,22.35,8.627,12.869,3.503,11.145,28.353,13.2,10.32,10.591,11.081,4.885,17.999,29.379,22.655,7.04,25.332,21.509,21.735,23.734,23.926,8.33,19.228,10.914,25.254,29.034,16.362,25.993,13.122,25.752,26.66,24.407,17.072,19.9,22.472,20.946,0.853,4.116,2.075,15.285,3.483,5.841,8.536,10.668,7.395,15.019,4.257,19.629,7.022,17.285,23.977,22.79,10.044,9.177,24.503,28.144,13.56,13.525,11.256,13.414,25.269,13.647,27.364,13.96,20.32,15.529,26.827,28.536,26.614,12.904,16.603,5.017,3.461,23.158,7.869,5.497,4.67,6.738,4.268,17.492,28.926,5.738,23.127,26.447,22.636,29.011,14.717,16.044,15.599,17.937,7.668,21.535,23.625,17.372,25.434,0.761,2.871,25.426,0.374,12.323,21.439,9.401,29.007,19.407,18.51,20.672,10.74,5.471,4.986,28.93,13.605,24.73,9.06,17.414,8.796,10.931,25.767,27.173,1.502,14.13,13.17,24.561,26.504,16.833,13.228,19.381,27.903,23.041,10.281,27.734,11.41,16.139,22.825,7.686,16.556,10.41,23.753,10.825,28.711,11.412,0.668,10.321,17.061,24.473,1.758,21.311,0.929,15.176,5.37,13.366,23.001,7.215,6.663,18.945,16.289,27.187,2.762,16.044,10.596,17.883,8.576,1.868,11.481,2.391,29.442,23.974,24.862,23.819,18.648,19.46,12.371,2.212,6.293,1.962,0.236,13.783,24.517,24.476,3.295,29.22,3.915,20.51,2.508,25.908,18.937,21.205,10.928,10.497,11.781,6.034,4.298,14.083,24.092,23.408,2.895,14.762,21.193,18.859,15.936,19.391,16.762,22.016,16.199,28.933,6.955,18.692,19.836,8.106,17.704,10.078,28.17,1.13,4.485,21.969,23.058,3.506,26.545,17.992,26.629,19.505,11.4,5.464,10.945,15.553,13.181
624,"MW out of 10,000",0,10000,289.62,8557.429,1300.915,3276.233,4698.926,5629.507,6271.537,1424.438,8987.999,3012.074,5865.164,6296.068,1462.994,9319.555,8242.545,493.047,6244.231,4149.074,5745.757,1314.572,3115.036,5157.238,8229.614,1879.543,3472.675,1096.115,132.165,8806.627,3972.04,3741.24,8144.92,4613.426,6670.333,2079.016,1874.835,2523.511,2565.767,4457.357,1336.352,6778.81,5470.797,501.603,1934.339,7578.208,1262.749,5991.202,2743.708,4956.167,9102.377,6805.795,9918.347,2478.994,5791.986,5381.416,1229.501,7005.167,7140.672,6290.926,8514.765,9764.048,6503.715,4437.186,4744.362,3292.304,5483.834,5051.323,8917.59,5975.072,3997.604,4226.919,4383.694,1010.586,6978.352,5408.692,4279.07,672.966,7257.418,9658.01,5928.633,8543.323,1661.112,1396.159,291.496,4260.361,5550.128,3589.118,4727.662,7444.058,9244.872,2271.893,7049.496,937.113,2295.543,6938.962,5585.062,8698.604,8947.424,6739.053,7124.371,7956.955,6149.592,1655.52,4993.586,5756.348,5235.938,633.327,6899.873,5928.843,2592.838,9397.832,5040.426,6131.904,601.326,6975.246,2408.302,5817.924,7644.256,219.259,4900.738,5052.842,3786.421,9162.449,3178.296,650.11,1459.807,8397.898,1175.656,4205.147,1114.486,1462.059,827.49,8023.879,5738.994,2146.127,1898.05,3630.027,5499.364,2420.26,422.568,8624.668,3707.129,8765.683,1647.486,5352.972,9529.941,4193.727,3678.924,7455.133,5953.067,7119.23,9482.076,3730.055,622.217,6482.829,7263.251,7451.701,1100.621,1670.789,6969.373,5920.684,5418.273,9570.196,6132.98,6642.255,9940.263,241.136,6821.216,8038.03,6571.869,2112.638,8235.593,1069.867,3769.156,8033.452,6549.012,2918.62,3249.238,33.631,9374.293,5132.209,2690.957,7787.762,3219.796,7386.287,9497.056,4460.308,5135.357,4407.059,3048.376,4337.43,5923.929,2320.382,5595.23,4366.885,8059.176,2527.456,1558.099,7651.677,493.072,5712.355,2731.795,2807.097,7100.32,9130.352,4818.741,3395.857,8375.025,7916.144,36.477,9223.783,8005.775,4990.658,5686.756,9707.479,271.666,900.779,5446.706,9022.597,7150.469,4373.137,843.854,6238.792,5757.984,1275.525,2977.675,2943.623,10.341,2495.355,7555.496,6457.972,3259.877,9369.529,8239.005,8124.129,1435.054,8730.189,2247.709,2233.292,8893.916,2991.07,7490.444,6628.195,5936.271,9280.761,2106.534,5533.465,7666.086,2807.038,1953.035,4857.726
625,0.5 to 100 RSV,0.5,100,8.981,88.157,17.117,75.995,52.726,29.346,62.576,23.927,94.028,85.057,0.9,96.664,89.363,62.621,34.906,22.708,49.939,75.793,66.801,12.263,94.04,35.176,87.515,58.118,36.364,84.927,56.03,51.215,14.71,74.728,24.683,46.246,53.053,68.201,96.13,4.671,49.67,47.37,91.707,90.242,68.398,25.901,14.552,72.182,49.709,1.635,0.704,53.062,71.18,49.797,16.974,79.258,36.953,10.823,60.808,13.372,28.437,16.41,47.538,75.052,89.144,26.605,11.358,17.003,84.694,23.349,85.448,9.838,92.895,72.007,72.604,9.695,55.005,79.137,95.289,30.671,38,89.985,65.409,37.537,16.242,37.008,10.937,72.391,42.163,76.192,35.134,79.751,54.325,10.242,87.785,79.199,91.529,46.593,14.22,58.084,41.792,9.239,59.801,27.706,41.009,37.849,25.556,29.519,69.71,85.445,42.389,15.493,87.034,72.026,53.728,95.26,84.33,91.937,35.409,27.232,39.162,55.377,44.194,61.661,67.164,92.055,82.821,95.71,55.439,54.108,30.247,18.801,49.384,32.566,45.022,25.946,81.972,17.586,75.365,13.188,42.756,36.372,22.074,53.326,86.953,6.143,16.599,2.225,90.755,43.44,46.316,61.289,11.889,10.287,37.776,33.022,14.637,40.689,64.054,50.823,25.516,2.055,39.314,54.909,14.734,4.977,18.275,90.562,94.99,38.258,46.157,33.482,59.282,49.332,56.548,86.71,24.922,62.502,19.626,78.59,81.595,56.414,6.037,79.567,77.36,60.442,13.164,53.286,34.203,2.027,53.251,45.864,13.493,43.519,80.221,8.44,72.333,72.942,48.822,13.845,69.916,69.907,20.858,78.839,46.788,75.855,32.634,77.659,24.504,9.541,24.317,93.199,60.39,96.735,95.544,75.175,10.068,60.14,34.986,67.831,34.901,53.041,32.27,94.814,23.101,26.325,21.223,61.842,2.348,4.564,40.383,65.341,76.164,40.997,87.351,60.36,71.318,2.095,47.098,17.986,48.638,64.725,89.97,81.634,72.001,36.569,98.879,35.188,38.028,91.529,94.218,56.875,31.7,82.602
629,"MW out of 10,000",0,10000,8869.594,1766.579,8255.433,7873.141,2255.864,7956.119,9505.335,5423.171,2792.653,2727.985,3737.857,9184.532,2190.23,9840.314,9553.28,64.467,2203.454,6786.02,7900.179,1162.364,7097.785,6503.836,2933.904,9937.637,5691.357,4334.777,5359.885,286.513,9479.841,7796.725,6612.802,6408.091,6756.859,915.928,8900.294,4632.135,4418.864,7495.574,6755.485,3973.651,625.128,9527.599,8852.23,4101.082,5858.764,449.994,3985.532,1425.224,7357.706,8659.545,8867.134,2147,5342.159,6992.277,4222.655,7212.438,2096.124,9159.671,8655.188,5091.547,1128.848,9146.772,3340.518,3186.279,9920.188,7465.567,4309.878,8151.964,7715.353,4056.992,7175.988,6365.345,6499.124,5573.063,8485.45,437.883,659.498,668.747,2411.788,1719.469,413.259,6140.316,1970.52,974.09,8209.873,2009.444,5123.526,960.653,2885.595,3629.369,3416.39,3788.836,5867.214,9048.747,8387.988,7386.826,8871.739,460.717,3817.528,578.642,3476.515,2982.68,5680.058,3363.914,9973.001,3964.022,2969.458,4328.542,8629.042,2418.638,8398.736,4458.402,4802.833,8355.655,2170.882,7599.906,6087.228,640.883,4451.309,3573.239,5153.923,4151.77,6953.914,2479.338,233.266,8001.354,5335.807,2846.344,8758.274,3148.697,1518.927,9653.649,5640.868,8262.339,9847.983,1909.758,673.599,5621.14,3825.026,1042.013,2794.145,6946.153,9673.27,6143.606,9487.027,8925.135,3778.633,1849.617,9760.352,8752.667,4509.8,8671.813,6444.49,2696.077,1421.555,2939.254,62.263,5401.875,8533.976,8630.711,5124.208,1417.466,2442.44,5189.456,2132.531,4884.11,1728.766,7715.634,4912.771,9022.707,5415.219,1776.891,176.652,7691.213,444.75,8493.568,6628.31,4484.818,2639.444,3656.901,684.977,290.267,5390.844,7041.37,1588.869,7705.109,198.075,148.048,8587.247,4038.191,6212.254,4266.735,1547.107,7989.018,790.329,5622.909,4969.75,9482.942,2055.829,359.137,9756.503,1802.427,2648.418,2805.178,710.065,4991.595,6936.726,7567.979,9827.267,8813.829,5683.621,7950.899,5108.638,2477.794,6460.372,9639.701,1431.881,695.844,5746.916,989.014,4354.509,1302.758,456.659,4576.138,8549.673,9574.215,8158.143,7232.191,2099.373,1089.164,6727.841,7592.002,8562.017,9303.642,6518.515,145.662,6609.778,8524.427,2730.427,5854.029,3893.794,2085.873,6448.551,5343.857,2222.495,3885.446,1694.192,231.776,7473.566,5171.182
630,0.5 to 100 RSV,0.5,100,18.311,9.94,26.638,17.414,87.828,56.674,47.369,91.69,86.805,59.643,90.697,9.032,15.26,77.076,55.537,7.569,24.131,93.2,79.921,98.233,85.991,72.569,66.153,20.64,84.971,28.356,67.293,69.435,83.126,17.843,30.034,95.084,86.145,54.883,8.166,65.801,78.733,16.204,72.734,9.32,32.627,27.23,20.519,62.339,71.846,52.378,79.752,64.649,37.567,50.482,65.388,44.978,61.727,30.963,4.966,22.363,26.084,74.892,22.363,69.629,54.347,67.999,77.061,98.438,80.162,8.906,26.996,51.237,25.903,32.84,64.253,98.238,50.868,61.728,94.532,8.409,81.029,48.212,91.925,23.444,63.394,81.779,18.2,93.973,37.985,56.126,75.214,65.627,37.35,8.598,5.088,53.838,33.916,2.032,54.569,96.146,33.723,41.362,32.528,54.925,17.897,52.441,86.055,97.931,62.347,75.096,81.018,16.244,97.953,64.337,77.483,67.435,45.969,75.561,96.335,84.385,54.866,2.644,39.377,60.62,66.757,42.965,8.86,92.331,61.458,37.872,89.894,46.022,15.438,34.337,77.925,4.003,47.663,15.515,32.802,25.858,42.075,89.335,60.143,90.866,26.154,66.759,76.318,34.78,65.393,55.402,97.895,72.174,25.316,55.364,97.675,17.283,83.539,30.995,49.129,15.489,43.845,98.789,98.05,76.592,42.539,69.101,33.062,12.666,52.457,58.007,15.686,35.633,48.718,45.341,87.196,69.566,49.277,47.099,24.508,5.008,80.58,27.089,62.246,47.673,49.74,64.26,39.257,33.642,25.594,24.281,18.046,23.387,82.214,5.907,70.269,77.608,48.731,64.949,50.878,40.061,46.487,60.413,93.233,19.83,57.01,53.613,46.603,2.23,43.39,63.968,84.76,60.625,21.418,26.656,27.06,40.16,19.017,61.392,7.545,49.873,40.654,56.517,84.69,79.581,42.739,12.775,90.874,27.777,30.029,32.782,23.763,22.724,47.448,12.275,21.886,64.079,32.362,98.244,18.179,57.937,21.763,82.808,28.261,48.257,4.285,48.113,2.338,81.877,70.813,88.166,31.877,93.168,49.164,30.32
634,"MW out of 50,000",0,"50,000",19530.381,30899.396,39200.543,46073.064,49532.937,15822.861,31541.413,8439.985,31222.78,16365.736,7274.578,2469.2,35083.146,32164.522,43384.573,27903.815,4492.535,46898.89,35794.254,23427.573,39825.774,21686.413,18910.7,16348.557,19473.008,9373.3,11619.403,29898.164,30371.372,19059.399,14363.091,7821.363,35161.503,12374.258,5620.148,49229.883,11964.061,27521.677,4810.675,42124.231,19283.135,24286.479,46879.776,36918.746,21063.065,36630.244,14628.717,39355.01,11751.473,25181.233,2647.23,21911.237,3580.891,49419.681,38484.757,13440.961,16225.363,25793.375,8680.408,27993.265,18942.444,41321.984,5319.45,27331.41,45071.96,49006.592,40081.012,30855.631,39814.024,49637.915,28280.783,24287.395,25739.765,26091.258,5124.147,45330.144,30068.787,25342.158,7145.551,31676.088,5935.725,26681.423,2228.01,17628.389,7995.607,29809.783,18443.566,12949.809,21823.145,22970.664,15054.249,10878.358,18845.896,15679.215,4426.345,42220.366,21558.22,17517.055,1290.72,7522.79,31878.392,8879.621,27942.781,32038.294,49605.868,39821.166,39945.796,27104.188,48988.335,28590.389,39532.85,21646.113,25604.954,39382.183,28044.806,2710.544,4548.029,17918.451,2055.951,8829.609,34582.229,5059.467,47554.77,44946.772,40713.094,1659.856,20066.254,24667.221,832.601,7315.186,27050.571,27419.705,37200.548,48888.785,40682.23,34741.176,20604.842,15856.691,1473.729,42131.161,23098.241,32943.292,33119.057,38596.411,32101.731,2329.539,33997.437,26243.932,36271.814,4675.081,16987.142,1456.014,42287.376,39882.693,5250.328,34333.531,11925.263,6429.891,41565.559,13377.867,8601.031,47365.468,2499.989,27958.596,11337.213,13844.11,17953.347,39496.32,33461.074,39328.068,7593.892,14129.415,34688.341,41824.29,20955.436,8340.12,14818.494,37052.671,46225.328,31787.004,38160.349,12096.936,17605.904,7173.875,42854.264,32857.602,12345.602,38839.834,17526.966,34639.201,44690,30306.439,27950.721,1407.957,24843.37,4079.743,41290.105,18575.598,44142.06,29689.137,48167.103,38959.944,40648.695,13395.531,29590.8,36387.163,26348.503,36252.965,16558.671,34575.608,37102.97,21194.603,20582.732,25371.344,370.26,23282.324,7095.121,37717.669,46070.036,47779.411,35859.68,7903.545,21524.729,17104.998,16401.561,2532.334,30926.469,37476.419,30271.935,32110.332,31346.022,5609.135,3109.31,874.766,15233.395,18722.964,48787.896,48099.054,31893.897,17357.592,18041.374,45830.193,27478.25,39835.113,43058.14,47479.758,16268.908,34848.71,926.814,19696.491
635,0.5 to 100h RSV,0.5,100,62.068,0.921,34.033,89.06,70.871,56.669,69.39,95.101,24.882,76.187,63.922,97.554,66.098,18.79,20.179,32.091,4.237,96.342,27.682,4.146,51.24,57.058,16.048,6.781,59.388,89.657,87.559,84.657,57.301,21.741,25.418,49.452,58.31,93.711,24.17,63.112,7.293,81.906,48.063,17.206,15.818,6.001,9.129,95.396,54.722,35.499,98.032,89.626,94.233,20.067,52.284,29.21,20.405,30.999,62.84,97.008,43.452,31.124,32.488,31.98,93.349,78.465,24.071,91.965,43.06,9.255,22.105,56.254,52.304,11.582,19.818,15.875,15.469,43.001,57.705,18.967,19.896,77.399,94.905,41.232,46.709,29.113,96.349,73.382,70.205,24.914,46.531,53.226,46.002,58.116,56.242,16.845,50.473,3.221,74.753,97.165,22.989,84.85,73.291,88.859,1.417,83.025,6.961,77.697,78.951,76.552,38.857,87.621,81.974,34.761,40.99,26.594,36.545,91.47,12.465,1.093,42.106,99.071,34.756,18.193,64.588,51.719,67.197,4.784,43.714,78.448,11.895,80.459,5.441,17.148,91.325,19.144,80.701,16.856,93.588,29.408,28.19,31.563,35.471,39.901,84.791,74.666,47.267,61.295,87.648,43.192,7.232,66.019,65.613,23.224,96.153,25.943,80.663,7.824,71.551,8.677,25.629,71.197,30.713,40.906,72.776,2.944,65.656,22.771,61.974,55.64,56.728,6.738,76.164,1.817,81.04,88.206,65.914,63.432,68.419,62.712,92.931,65.29,19.561,56.109,36.797,14.5,96.726,19.403,66.871,52.435,63.02,73.292,95.1,12.328,53.142,93.353,73.639,20.579,2.249,53.217,15.359,65.477,26.144,37.5,52.157,59.506,96.315,21.649,68.769,97.229,39.59,49.048,4.786,88.068,96.197,73.026,57.618,39.112,33.708,84.41,89.396,20.84,46.153,26.95,62.922,58.73,26.61,2.75,22.877,32.192,80.234,6.361,91.99,14.628,46.38,67.799,79.069,94.464,35.179,31.273,11.753,1.988,24.465,60.279,63.63,76.344,63.527,96.501,37.509,80.666,86.393,91.47,21.215,4.193
639,% out of 100,0,100,85.155,58.066,60.648,45.148,56.127,9.911,80.346,78.855,14.382,15.574,80.815,54.278,6.215,74.234,19.079,5.837,93.786,54.81,79.757,45.372,91.621,59.603,25.054,98.371,53.353,78.303,77.823,82.461,30.952,92.261,53.906,95.282,97.577,77.231,15.359,43.967,79.985,63.164,73.688,24.875,24.51,12.808,98.009,32.387,59.65,93.62,52.997,8.76,17.969,22.488,0.665,24.442,93.971,63.821,13.883,1.368,21.548,32.372,89.907,25.557,78.64,67.164,52.707,50.141,0.3,99.329,86.526,44.233,58.992,35.003,4.563,33.634,18.85,18.491,74.164,44.699,68.898,85.017,44.963,88.758,59.203,57.243,7.467,47.774,25.686,6.483,32.998,22.949,62.242,81.226,39.952,13.05,68.033,74.182,50.125,25.935,12.411,74.874,70.504,44.773,69.316,65.13,94.828,13.203,7.717,44.256,69.719,96.328,27.43,20.156,93.465,9.582,69.522,24.254,22.976,27.862,92.414,24.273,51.206,28.903,92.99,32.534,41.809,84.603,46.707,16.222,62.98,64.285,55.971,82.244,59.279,75.198,25.926,16.649,34.504,69.492,46.811,77.335,44.403,96.651,1.899,62.672,35.968,46.309,18.136,15.431,11.169,90.315,29.875,62.445,55.836,20.243,70.555,9.357,60.411,9.264,16.838,56.923,32.501,77.162,39.287,25.319,46.675,48.897,94.669,14.895,70.873,75.723,39.457,1.39,78.449,13.133,25.759,49.063,75.553,22.011,33.823,20.956,50.719,68.633,74.907,63.861,15.141,12.048,84.761,13.33,99.811,57.278,58.132,69.783,22.339,26.908,25.769,76.497,76.157,16.351,28.628,21.095,93.824,29.003,17.888,89.039,19.174,92.162,62.56,12.589,79.47,68.628,95.206,42.841,45.5,24.163,30.992,7.572,3.055,77.306,9.327,99.503,99.071,33.959,65.606,18.075,63.352,76.703,61.895,51.701,27.95,47.946,98.957,24.656,37.666,61.578,47.677,84.052,76.059,5.699,74.238,6.226,47.881,13,98.026,89.766,51.043,26.133,39.57,1.411,46.668,63.858,34.868,34.402
640,0% to 500%,0,500,160.401,448.828,313.767,121.865,338.744,441.84,1.741,95.714,146.852,158.189,426.268,318.826,197.785,499.577,272.912,330.698,471.987,424.15,421.928,252.649,47.721,423.82,319.892,30.985,289.737,78.935,294.464,239.741,389.724,240.886,242.266,409.649,374.06,322.861,217.248,383.061,232.363,420.47,107.649,386.146,233.042,387.364,164.197,432.462,470.222,42.446,495.846,448.203,48.82,438.674,411.233,269.58,57.348,402.149,27.992,128.826,110.053,117.141,351.121,402.414,446.971,437.819,258.206,307.327,370.665,242.091,254.229,175.937,361.68,429.617,447.224,40.423,380.697,482.069,492.207,165.739,346.375,35.089,120.888,169.208,215.23,63.307,366.101,355.117,363.369,242.391,55.457,185.013,381.345,219.509,19.784,446.274,48.416,485.87,492.776,471.076,273.487,137.669,218.302,358.42,438.453,130.932,31.627,33.962,357.158,108.406,104.173,264.471,235.585,489.133,374.917,471.162,233.126,272.738,101.089,99.621,499.754,399.578,440.137,241.715,439.708,33.598,62.285,377.472,182.196,126.53,169.857,118.828,303.855,345.886,105.152,149.144,128.447,38.702,474.159,457.782,442.375,65.32,31.701,226.07,442.636,88.55,449.274,224.862,15.072,253.023,250.312,206.183,78.313,279.599,200.641,464.371,369.221,31.868,279.605,333.424,89.602,62.455,276.159,403.394,293.503,411.966,208.102,431.094,72.077,300.683,108.762,394.036,110.562,419.245,102.397,417.659,328.037,177.572,474.678,443.95,326.841,79.292,72.38,362.445,322.149,353.264,249.09,24.54,221.758,346.226,87.437,43.967,64.289,297.87,489.375,78.423,173.133,480.013,280.459,122.144,273.185,477.596,484.756,321.335,75.777,260.954,317.57,458.312,250.349,247.848,234.573,497.443,169.782,330.209,124.618,5.394,287.052,299.834,21.312,466.479,461.409,476.578,449.612,189.504,11.297,266.827,186.541,24.492,274.019,308.245,112.413,193.979,261.557,92.363,6.417,58.952,389.732,495.882,258.706,199.576,473.739,93.563,411.885,450.479,376.493,445.422,376.082,483.369,121.049,320.669,136.964,319.276,486.215,78.685
641,0.5 to 30h RSV,0.5,30,16.37,5.847,9.269,17.902,6.074,17.349,4.92,13.242,14.835,20.619,7.104,24.537,22.503,10.354,2.053,23.664,3.509,1.77,24.603,29.489,23.868,15.142,14.688,12.437,29.129,3.339,25.683,5.071,25.023,1.52,3.824,15.07,8.371,25.074,4.035,5.191,18.336,23.484,3.906,13.479,28.35,3.426,15.177,3.618,14.499,9.66,23.166,22.231,17.563,22.826,0.358,27.121,5.183,25.551,13.694,1.998,14.152,8.088,0.024,18.026,5.052,26.51,18.183,23.878,27.443,26.357,26.438,26.843,5.578,24.683,22.65,24.059,19.773,6.892,17.256,29.043,22.299,23.835,17.927,2.143,19.368,1.386,5.194,12.554,26.209,28.423,28.865,14.127,21.183,6.221,6.374,16.612,21.256,12.536,27.825,3.363,13.098,6.176,28.845,6.198,25.778,21.758,21.987,2.29,4.082,21.052,20.295,27.981,19.416,15.521,26.716,18.082,7.184,28.512,7.777,25.698,17.779,22.728,10.978,3.589,25.266,9.63,6.567,17.931,15.916,26.961,29.413,13.93,2.045,10.5,1.134,5.778,18.314,3.596,8.288,5.199,9.352,12.852,11.228,20.439,6.805,19.412,18.164,18.486,25.187,7.285,21.405,8.793,24.239,6.765,6.46,21.72,21.585,27.559,1.523,16.842,2.444,17.858,3.598,9.332,1.127,13.077,28.797,26.879,10.259,8.376,3.426,9.685,27.489,24.044,5.532,23.892,1.859,24.592,26.74,26.679,9.773,0.654,16.186,6.091,11.411,29.07,2.066,23.254,0.797,25.427,11.876,15.296,24.274,12.727,24.102,19.35,28.763,28.152,28.605,18.829,17.665,27.915,24.039,2.66,11.498,16.815,5.829,28.502,17.053,10.077,23.188,0.805,19.476,25.423,17.531,1.868,6.067,2.052,12.259,20.544,27.704,15.489,6.572,15.214,8.545,27.185,5.87,9.615,13.878,23.609,21.66,6.105,1.47,21.288,21.383,6.767,6.338,15.372,18.752,25.537,6.373,13.019,11.437,26.943,11.58,5.074,26.484,13.061,25.561,21.13,26.618,28.019,29.285,20.066
642,% out of 100,0,100,21.103,13.023,2.02,19.516,61.393,32.579,55.521,50.643,97.441,13.104,10.496,30.867,92.564,69.054,43.736,90.394,16.187,27.627,53.349,18.433,55.808,69.042,43.046,43.22,45.416,51.268,69.593,72.234,55.698,37.067,85.239,69.877,88.801,86.736,58.507,36.602,56.227,91.206,90.663,45.228,78.302,94.146,49.19,1.508,59.102,37.456,19.324,44.842,49.012,20.311,13.891,46.434,19.473,88.69,38.274,97.449,56.651,54.629,91.356,32.198,86.361,94.18,42.796,7.075,39.466,56.737,17.799,98.58,50.449,69.377,93.822,77.351,68.935,44.849,79.965,81.018,2.459,22.916,4.476,50.543,25.215,92.617,67.438,41.085,15.796,49.748,3.4,12.617,78.811,51.137,75.855,28.693,28.114,8.936,93.499,40.67,45.572,16.019,75.993,63.17,36.373,45.516,39.67,13.817,48.415,94.254,12.997,67.281,16.106,86.39,46.116,92.866,31.458,8.188,19.521,82.047,63.904,90.885,2.104,3.684,88.792,53.757,55.931,58.323,27.649,6.738,0.484,15.026,60.007,82.514,77.424,19.689,28.116,71.765,24.608,43.231,11.675,19.488,52.232,25.202,79.313,42.653,57.775,9.562,32.704,58.358,35.354,26.807,86.526,97.683,70.045,79.497,70.053,63.826,11.71,64.443,47.332,55.251,70.766,20.944,48.739,35.946,69.823,37.717,73.351,94.173,5.81,51.002,27.666,73.997,71.586,67.995,1.555,66.057,48.285,27.407,6.346,69.035,85.21,96.736,53.331,39.618,24.499,30.15,24.981,85.709,97.776,10.022,83.004,18.187,99.982,94.538,23.495,25.228,9.382,71.939,7.226,51.963,5.512,34.392,99.502,87.034,51.859,51.884,40.466,8.92,69.538,14.008,31.788,21.046,90.987,35.768,4.378,26.083,30.654,61.037,53.371,91.987,2.698,55.659,65.452,66.01,16.745,20.697,4.774,28.323,53.094,60.123,74.601,60.8,46.668,46.877,13.959,8.678,48.338,40.176,31.93,91.366,68.912,63.099,79.938,0.002,56.938,83.661,39.84,79.868,78.594,6.492,82.137,80.871
643,0% to 500%,0,500,282.008,7.848,305.129,261.852,490.06,181.142,478.488,261.787,326.025,452.902,436.942,194.152,47.692,346.22,416.543,155.836,420.544,445.816,356.017,209.301,273.798,376.048,57.96,40.863,277.729,152.551,310.171,39.114,42.286,296.845,491.922,81.784,161.146,363.37,315.367,76.55,64.23,476.683,403.806,294.762,149.813,348.626,189.576,41.278,89.964,322.921,336.139,16.688,43.699,347.889,19.238,26.747,418.326,238.264,236.983,190.247,329.847,325.098,345.383,169.194,133.662,318.972,70.331,307.204,419.434,383.542,70.732,227.984,204.123,456.712,307.11,178.09,316.88,498.195,355.501,35.231,301.697,495.927,155.467,211.06,355.019,262.292,349.155,268.74,40.638,364.638,179.015,277.182,293.294,26.92,60.934,460.818,397.043,215.473,100.701,166.341,248.067,294.914,311.504,27.702,375.766,204.738,480.463,167.365,276.032,271.328,48.841,318.233,295.171,425.811,250.381,91.347,385.034,370.433,480.768,475.933,422.708,143.238,43.106,437.084,127.855,55.706,250.457,275.187,302.05,178.803,359.159,418.731,125.831,264.838,252.986,18.138,91.268,488.246,359.356,136.065,241.872,477.425,97.678,119.233,274.972,337.398,60.952,368.081,195.358,356.131,199.34,22.151,99.536,452.823,435.016,168.576,239.049,129.729,457.611,146.446,149.296,84.118,44.461,104.625,229.598,337.946,329.804,266.64,404.953,496.972,293.124,157.947,0.791,326.89,45.418,249.779,173.043,488.848,143.098,319.285,132.074,147.124,353.08,3.091,369.119,322.843,491.992,3.96,453.649,358.736,494.417,439.457,342.859,221.17,124.464,337.968,457.518,245.97,348.056,484.137,250.864,367.094,24.6,424.272,407.56,263.086,407.413,354.978,106.776,398.03,42.463,423.014,24.258,420.2,377.758,56.364,398.763,377.571,311.177,424.322,282.787,270.695,259.224,91.862,304.141,82.297,52.673,425.962,414.818,67.786,99.343,258.121,106.035,154.998,198.816,464.874,259.53,391.667,439.639,390.348,494.618,432.446,347.753,415.083,302.524,109.044,110.737,140.181,54.254,482.865,338.151,243.095,351.752,190.414
644,0.5 to 30h RSV,0.5,30,22.114,12.872,22.126,16.058,20.942,21.822,27.227,17.587,19.946,6.266,27.714,5.64,0.042,13.608,22.462,0.882,27.598,8.681,15.511,7.339,5.803,9.243,8.05,17.855,13.791,17.86,15.444,5.2,26.771,19.138,8.152,8.225,25.696,8.356,16.617,6.478,25.728,18.627,21.186,20.858,26.856,3.612,25.882,2.085,26.466,26.275,21.843,3.796,18.259,28.936,4.944,5.254,0.17,28.776,9.879,26.491,25.232,6.575,20.273,23.028,5.51,17.861,21.813,18.075,2.521,13.599,24.55,15.92,5.34,19.357,6.595,25.855,7.066,1.448,5.017,4.96,6.583,29.007,27.67,0.371,17.69,18.318,10.817,15.351,14.909,16.476,24.33,2.093,2.981,23.517,25.631,7.639,27.674,24.001,15.631,4.394,1.322,4.264,15.047,1.359,14.317,4.434,9.207,26.733,28.513,5.58,24.638,15.874,4.096,25.398,12.133,29.392,24.368,19.223,5.313,17.127,24.286,3.109,0.388,0.968,2.628,13.934,29.495,16.03,23.165,16.554,1.759,14.815,19.206,4.278,12.029,7.521,19.947,11.168,16.664,23.6,22.97,4.126,0.344,11.088,8.09,17.642,18.94,22.192,13.467,23,18.258,2.485,7.112,21.611,3.145,21.02,19.426,8.098,24.417,8.618,17.61,12.748,21.439,14.722,20.347,6.285,5.843,3.025,14.612,24.483,28.391,12.154,28.992,5.972,2.731,15.315,8.585,16.814,1.187,17.517,13.59,28.964,25.385,22.855,7.273,28.536,9.449,18.443,3.479,18.125,17.804,11.093,28.604,4.744,4.661,26.583,13.327,26.651,2.264,9.54,7.679,15.977,7.844,2.434,10.982,10.871,11.233,24.718,16.219,24.927,8.464,5.885,25.805,28.132,1.492,27.587,7.22,5.318,21.626,13.927,0.013,24.943,14.581,19.681,8.609,1.611,14.707,11.594,27.109,3.654,24.668,9.193,0.755,9.334,8.127,6.585,28.07,22.316,4.446,0.509,14.257,29.363,18.616,29.163,24.357,10.343,9.172,21.533,18.693,1.73,22.28,27.386,11.553,1.5
667,0 to 50% curtailment,0,50,38.711,15.162,39.63,48.409,45.833,24.665,11.117,36.357,5.277,42.529,37.877,17.018,48.762,44.851,2.665,41.285,16.058,8.62,15.363,0.987,26.917,34.355,24.099,49.777,25.834,44.887,23.241,34.059,46.768,4.136,12.631,24.718,39.651,22.48,25.422,26.11,40.722,15.487,26.228,36.31,15.987,30.306,17.446,23.017,10.933,9.201,12.491,0.473,8.052,11.127,26.523,23.349,47.121,3.595,19.21,14.424,36.11,9.871,6.985,46.051,47.56,31.052,13.911,3.784,24.759,19.974,48.904,39.307,21.93,4.258,49.511,9.211,8.287,29.266,34.49,30.02,9.959,20.935,5.58,21.031,21.217,38.245,2.995,49.884,2.373,36.336,47.21,41.746,36.766,46.369,22.92,47.872,13.905,11.878,42.368,25.803,36.761,6.934,12.367,12.125,41.987,31.697,36.174,9.005,18.726,25.149,2.05,28.272,1.611,43.527,44.176,38.678,40.286,22.52,31.427,36.331,49.07,22.482,17.018,24.116,1.479,10.621,28.271,24.047,44.619,14.522,47.015,45.501,43.994,15.108,46.177,44.512,41.888,44.451,23.693,11.996,12.165,8.764,43.484,27.155,17.391,22.159,4.287,47.054,3.941,42.47,31.57,41.016,35.538,27.014,34.128,26.753,44.273,1.445,20.025,32.558,39.214,18.496,41,28.895,17.461,0.816,12.436,24.761,13.159,7.275,35.117,44.279,41.257,32.271,17.123,2.22,44.984,28.045,25.269,38.285,15.28,23.957,26.486,18.231,13.278,39.598,22.58,3.228,11.238,43.77,16.996,3.558,45.232,30.885,48.768,24.671,16.725,5.004,11.879,31.127,44.643,1.527,48.981,13.483,43.573,32.252,44.496,21.966,40.838,43.628,11.199,5.46,4.891,15.802,42.946,48.804,24.105,17.403,41.309,47.022,39.583,40.733,22.734,39.528,11.45,11.455,10.852,15.525,23.868,1.79,30.207,12.892,34.089,22.252,45.314,37.075,38.953,24.084,43.027,6.81,45.967,42.638,27.002,19.812,46.828,18.928,4.446,42.979,44.422,16.01,48.682,37.715,12.741,38.423
668,0 to 50% curtailment,0,50,45.743,48.028,16.549,20.606,1.16,0.524,0.942,43.014,46.363,28.825,5.487,22.162,42.418,3.514,18.926,30.183,13.196,10.533,39.424,3.041,15.25,37.837,28.16,26.195,19.35,41.56,23.05,9.172,45.137,40.781,7.405,27.946,41.999,12.767,39.245,11.779,17.277,45.469,43.413,23.775,29.67,32.015,20.239,38.336,25.023,44.615,25.362,6.71,20.399,45.341,31.285,23.813,20.455,20.5,10.472,29.979,16.423,26.741,48.011,49.566,21.621,29.257,46.644,5.533,6.314,43.875,19.852,19.244,34.3,15.236,47.146,23.586,23.453,44.515,14.826,37.303,43.933,20.317,45.768,49.039,11.73,9.783,47.062,5.24,12.581,10.512,42.577,26.713,48.828,44.661,11.773,31.987,38.33,8.923,40.73,39.823,15.834,47.448,35.986,41.908,41.388,4.45,7.011,34.464,29.845,33.956,8.106,44.547,11.474,29.848,48.43,40.611,47.327,10.853,2.797,6.574,26.957,7.777,6.743,4.409,45.761,35.368,27.004,31.803,8.523,0.555,37.078,8.761,49.414,28.256,33.312,17.393,19.107,35.869,26.882,46.319,37.872,29.204,26.039,8.195,39.626,41.103,29.525,19.742,14.406,26.683,5.423,45.521,0.87,15.123,38.93,42.572,10.389,11.304,45.759,0.109,27.481,6.168,3.639,15.331,14.282,30.788,11.197,30.03,35.568,22.511,24.819,43.263,19.436,34.965,37.138,25.042,48.995,24.735,4.122,29.403,34.327,36.659,12.898,37.642,3.132,16.487,9.61,36.146,7.34,31.423,36.837,18.206,3.655,29.461,37.18,16.539,37.171,21.179,19.018,18.416,24.761,36.857,40.055,0.257,29.115,47.357,11.676,18.556,38.15,40.116,47.516,14.208,36.268,46.219,22.112,18.838,49.509,38.919,26.765,41.869,33.719,49.948,25.275,22.129,40.729,19.847,46.549,17.752,25.023,32.271,48.386,7.751,38.569,36.846,34.668,23.616,16.73,3.793,24.26,9.018,44.339,9.404,20.553,8.487,29.686,5.222,21.366,11.276,22.355,32.61,42.513,12.941,5.686,13.844
669,0 to 50% curtailment,0,50,41.908,18.991,45.257,24.03,23.137,22.36,3.872,39.813,23.761,8.477,10.878,49.73,8.726,0.031,31.475,30.311,32.791,49.58,2.659,39.956,7.249,26.89,38.725,48.52,27.502,23.761,6.886,49.21,15.313,4.92,7.219,6.312,18.427,19.922,24.917,20.652,40.785,18.61,48.745,11.044,0.253,27.282,5.172,46.912,27.567,36.665,27.983,48.004,41.946,13.983,0.988,31.23,43.577,32.371,36.791,2.455,41.879,20.721,13.669,30.808,20.248,27.18,34.258,49.422,46.386,30.674,5.525,2.613,13.781,23.114,44.387,12.732,35.486,20.943,27.719,6.231,34.32,19.048,35.034,13.037,20.295,41.768,35.712,5.283,42.499,21.693,7.381,30.854,28.701,15.079,14.667,36.776,18.354,47.497,34.411,27.166,39.127,43.957,49.305,39.534,16.793,24.504,6.832,31.194,13.641,23.513,43.927,32.346,35.844,43.813,8.117,8.973,9.185,20,32.038,40.208,26.669,9.341,20.848,38.333,4.611,29.171,31.47,35.512,7.92,16.837,36.04,40.029,9.894,27.539,12.937,30.261,42.566,15.93,42.38,17.107,4.082,41.527,13.154,15.681,11.844,5.007,34.469,17.643,12.191,13.629,23.891,7.363,47.05,38.041,24.002,46.83,23.731,27.947,29.343,35.194,3.338,9.611,34.184,2.351,3.199,24.651,2.963,3.492,49.348,48.917,29.743,25.592,29.279,30.935,26.847,40.34,43.958,32.221,7.579,3.864,49.4,16.071,44.664,24.506,45.044,11.836,34.625,42.417,27.851,1.724,9.025,26.064,44.322,20.563,16.694,10.708,40.057,49.952,30.778,18.148,20.072,14.455,23.491,48.13,11.266,11.664,14.572,31.791,28.548,5.253,2.828,44.963,38.101,41.21,0.254,19.471,9.926,42.13,47.843,33.635,2.625,25.032,16.612,26.713,17.671,43.737,18.808,0.656,43.468,37.112,46.523,2.817,39.599,15.842,43.07,21.224,19.282,7.246,41.027,48.669,2.887,20.424,2.729,12.781,38.039,36.136,33.485,47.843,29.557,12.855,30.621,36.371,47.367,2.422
670,0 to 50% curtailment,0,50,42.927,3.291,11.351,23.436,44.559,14.867,32.608,44.9,34.984,36.639,30.756,8.54,30.098,0.697,37.631,19.415,23.839,49.097,27.656,28.942,20.436,30.337,14.298,23.238,12.764,45.673,31.194,9.321,22.334,33.728,45.3,37.297,28.008,30.198,8.984,11.691,18.143,15.754,12.983,23.784,22.434,13.694,45.974,35.052,42.865,1.964,37.321,38.523,0.679,31.885,34.823,36.637,35.116,4.741,17.355,47.665,39.474,41.557,34.24,36.88,32.823,19.373,43.323,8.319,38.785,33.746,8.916,12.113,37.199,20.74,48.5,19.072,4.653,14.249,24.937,29.17,27.523,6.621,35.492,39.285,3.41,38.881,27.659,24.582,27.244,32.566,22.472,16.734,32.311,11.078,47.381,0.785,24.559,7.057,43.454,29.109,22.668,28.523,47.293,39.73,15.676,44.973,28.538,1.061,32.042,15.303,35.666,16.805,49.578,11.796,38.815,21.685,31.919,23.494,22.78,46.4,21.412,40.462,41.413,13.032,21.375,44.27,2.907,34.351,17.212,0.882,33.762,45.882,10.376,31.377,25.974,8.854,48.242,13.901,38.027,18.607,13.661,18.123,16.581,18.949,26.506,48.744,19.771,46.623,36.415,18.743,15.799,24.438,41.433,43.638,47.132,28.851,46.975,37.622,4.092,7.561,23.808,21.705,35.663,5.328,40.362,40.468,15.288,16.978,34.731,49.31,11.256,14.558,44.054,28.381,39.402,7.226,41.602,5.65,27.861,8.233,12.198,20.232,0.936,7.865,11.286,13.936,44.858,42.107,34.833,30.847,28.429,25.195,32.468,27.675,24.399,30.82,36.726,33.834,15.205,8.007,26.29,23.797,5.064,36.434,8.743,33.105,36.797,40.14,34.349,38.907,21.061,21.496,47.409,17.696,2.731,10.62,38.515,40.565,22.867,41.796,13.098,42.701,29.561,12.864,39.18,18.399,24.958,33.933,44.256,35.985,11.798,8.021,17.424,45.673,3.196,42.136,48.078,44.931,7.166,21.326,23.004,7.397,6.983,2.344,32.959,37.39,34.039,22.409,30.772,9.45,37.045,9.156,7.027,32.839
712,+/- 2 degrees C,-2,2,1.304,0.486,-1.956,1.713,-1.785,0.659,-1.899,-0.725,-1.252,0.002,-0.533,1.905,0.714,-0.249,1.781,-1.699,1.81,0.667,-1.882,1.594,0.626,-1.343,0.251,0.379,-1.952,1.361,-1.32,0.652,0.322,-1.353,0.411,0.941,0.58,-0.323,0.251,1.74,-1.35,-0.092,-0.981,-0.936,1.49,1.638,-0.578,-1.426,1.122,-0.361,-1.684,1.266,1.391,-1.715,1.466,-0.925,-1.041,-1.019,-0.773,0.319,1.021,1.574,0.913,1.471,-0.363,0.629,-1.834,0.053,-1.547,-1.533,0.945,-1.784,-0.911,0.923,-0.73,-1.051,-1.646,0.526,0.072,-0.179,-0.742,-0.615,1.598,-1.053,-0.174,-0.023,-0.495,1.601,-0.334,-1.016,-0.45,0.901,0.311,1.358,0.161,-1.463,-1.167,1.814,1.546,-0.259,-0.984,-1.221,-1.617,-0.482,-0.546,0.732,0.644,-1,1.965,-1.239,-0.345,-0.128,1.176,1.629,0.221,-1.517,0.072,-1.839,-1.126,1.388,-0.77,0.367,-1.041,-0.109,-1.337,-1.944,0.826,-1.313,-0.598,-0.316,-0.774,1.251,-0.73,-0.321,1.267,0.037,-1.089,0.372,1.425,-0.251,0.667,1.459,-1.384,0.975,-1.175,0.609,-1.144,1.046,0.747,1.555,-0.078,-0.844,-0.409,1.014,1.058,-0.477,1.235,-1.858,0.44,-0.372,-0.046,0.275,-1.805,0.598,0.021,-1.808,1.389,-0.501,0.828,-1.928,-0.724,-1.196,1.825,-0.786,0.758,-0.111,0.72,-0.149,1.069,-0.632,-0.445,-0.724,0.361,-1.105,-0.429,0.479,1.708,1.666,1.799,0.375,1.574,-1.429,0.881,0.323,-0.617,0.168,0.835,-1.98,0.786,-0.325,-0.715,-1.881,-0.835,-0.802,1.029,-1.358,-0.152,1.116,-0.295,0.646,-1.819,0.574,1.234,-0.747,-1.525,-1.407,-0.233,-1.377,-1.302,0.704,0.407,-1.49,1.814,1.745,0.528,-0.069,0.62,-0.151,-1.712,-0.377,0.584,-0.348,-0.191,1.248,0.409,1.103,1.898,0.327,-1.442,0.479,0.664,0.367,1.647,-1.314,1.937,-0.174,-1.749,0.132,-1.015,1.71,-0.531,1.046,-1.328,0.056
713,2482h to 3500h,2482,3500,3322.861,3114.606,2493.3,3426.852,2536.654,3158.59,2507.613,2806.362,2672.291,2991.384,2855.37,3475.943,3172.669,2927.632,3444.345,2558.698,3451.601,3160.688,2511.971,3396.559,3150.375,2649.085,3054.767,3087.582,2494.184,3337.248,2654.948,3156.93,3072.917,2646.66,3095.551,3230.564,3138.669,2908.844,3054.903,3433.873,2647.395,2967.48,2741.257,2752.72,3370.226,3407.978,2843.793,2628.156,3276.576,2899.173,2562.486,3313.091,3344.982,2554.462,3363.991,2755.633,2726.171,2731.663,2794.244,3072.257,3250.938,3391.655,3223.431,3365.436,2898.572,3151.013,2524.349,3004.459,2597.312,2600.827,3231.578,2536.986,2759.079,3226.019,2805.223,2723.525,2572.188,3124.753,3009.207,2945.471,2802.184,2834.517,3397.731,2723.083,2946.665,2985.071,2865.142,3398.442,2906.1,2732.484,2876.367,3220.387,3070.255,3336.678,3031.999,2618.626,2694.061,3452.785,3384.446,2925.209,2740.568,2680.324,2579.555,2868.217,2851.943,3177.289,3154.923,2736.442,3490.975,2675.698,2903.2,2958.336,3290.359,3405.614,3047.153,2604.89,3009.273,2523.003,2704.557,3344.154,2795.091,3084.32,2726.154,2963.251,2650.673,2496.241,3201.325,2656.724,2838.793,2910.604,2793.983,3309.496,2805.25,2909.315,3313.541,3000.314,2713.902,3085.651,3353.749,2927.025,3160.735,3362.436,2638.773,3239.071,2692.084,3146.046,2699.87,3257.18,3181.12,3386.808,2971.061,2776.095,2886.845,3249.094,3260.236,2869.606,3305.262,2518.052,3102.863,2896.394,2979.334,3060.913,2531.656,3143.151,2996.261,2530.838,3344.499,2863.481,3201.676,2500.434,2806.84,2686.683,3455.411,2790.841,3183.857,2962.817,3174.322,2953.186,3263.064,2830.124,2877.769,2806.835,3082.846,2709.761,2881.921,3112.916,3425.571,3414.93,3448.72,3086.458,3391.62,2627.357,3215.256,3073.216,2833.992,3033.859,3203.54,2486.969,3191.077,2908.329,2808.994,2512.412,2778.464,2786.961,3252.964,2645.287,2952.404,3275.099,2915.86,3155.339,2527.962,3137.157,3305.002,2800.899,2602.991,2632.943,2931.78,2640.478,2659.556,3170.218,3094.61,2611.788,3452.753,3435.226,3125.455,2973.474,3148.666,2952.607,2555.18,2895.04,3139.709,2902.464,2942.412,3308.738,3094.986,3271.62,3473.975,3074.162,2624.082,3112.818,3159.985,3084.445,3410.159,2656.634,3483.899,2946.84,2545.954,3024.696,2732.557,3426.21,2855.825,3257.1,2653.085,3005.178
714,3174h to 4500h,3174,4500,4068.114,3829.561,4334.236,4327.734,3520.746,3872.033,3306.302,3550.522,4177.085,3440.462,3741.872,3415.061,3303.079,4058.991,4330.255,3791.239,4072.572,4241.554,3733.602,4347.586,3973.662,4331.132,4296.949,4295.443,3783.841,4163.588,3916.709,4184.178,3908.944,4265.965,3470.12,3777.647,3543.969,3912.957,3217.757,3871.935,3529.489,3615.444,3273.693,4409.129,3263.298,3786.71,3666.179,3743.165,4279.767,4151.332,3696.181,3537.619,3478.754,3266.709,3587.001,3291.544,3584.477,4282.236,3266.325,3435.468,4150.052,4468.791,3440.482,3358.036,4217.791,3929.91,4322.046,4049.991,3971.581,3735.628,3871.712,3482.662,3544.849,3608.719,3580.188,3939.3,4191.428,4003.009,3377.549,3739.333,4126.729,3372.641,3336.488,3662.118,4127.975,3235.095,3384.191,4483.606,3676.681,3228.495,4069.302,3366.879,4124.374,4433.745,3954.768,3872.054,3712.568,4300.733,4187.672,3982.558,4158.159,3940.018,4490.153,4050.056,3893.843,3427.439,4496.265,3316.501,3342.362,3934.233,3843.94,3885.395,3350.387,4020.72,3711.886,3653.844,3509.394,3521.149,3811.468,4200.465,3863.609,4079.42,3737.128,3506.419,3636.428,4109.139,4318.409,3213.387,4019.892,3804.128,3228.722,4266.197,4262.544,3494.622,4091.571,3686.111,3886.319,4220.224,3373.84,4324.706,4038.821,3902.5,3320.343,4271.331,3715.518,3413.028,3229.1,3232.175,3838.856,4090.476,3907.775,4376.457,4408.627,3672.974,4403.364,4453.542,4478.463,4040.072,3323.459,3534.499,4146.924,4116.464,4380.321,4086.883,4288.746,3247.155,4363.132,4232.488,3935.343,3846.548,4164.945,3356.993,4489.191,3232.258,4451.06,3777.293,3827.935,4311.288,4463.588,4279.733,3190.998,4401.061,4178.67,3732.064,3874.011,3507.815,4314.144,4447.53,3454.068,3652.944,3865.588,4014.175,3442.703,3823.861,3941.592,3808.328,4203.467,3608.06,4423.441,3484.248,3736.798,3764.382,4494.364,3234.287,4460.203,3541.597,3466.877,4325.894,3647.13,3433.687,3554.177,4143.025,3263.793,3961.762,3417.455,3204.921,4143.951,3612.883,3766.536,4246.451,3852.943,4390.369,3935.494,3806.64,4097.31,3802.489,4082.854,3444.142,3920.962,3490.646,3654.096,4491.625,4306.25,3638.835,4209.561,4251.052,3183.973,3753.925,4479.638,4423.399,4067.423,3872.68,3300.005,4090.136,4246.243,3785.343,4114.029,4166.744,4177.701,3807.464,4079.532,3479.783,4220.385,4222.65
715,3174h to 6500h,3174,6500,5409.938,3794.596,4423.382,5680.363,5766.953,3488.539,4183.222,5197.751,5086.658,4990.845,4016.702,3323.18,6333.835,4544.989,5567.983,5756.534,6233.16,4464.468,4614.417,5605.195,3256.605,4600.067,5042.108,5373.394,3467.539,5555.685,6081.816,4090.839,6183.88,3580.873,3543.25,4918.112,4745.888,4776.878,4241.226,4230.634,3330.523,5600.656,4550.231,5176.266,5071.75,4977.845,5968.459,4568.524,5878.968,4287.445,3740.521,3617.82,6215.315,3677.601,6069.946,3397.625,6110.078,4057.841,4413.549,5779.11,3688.365,5516.065,5205.454,5219.85,4337.198,3648.308,4318.182,6492.718,4512.984,5382.042,5345.815,3784.305,5053.041,5628.252,3224.178,3398.135,3584.646,5346.114,3356.143,3727.213,3477.709,5533.729,3295.136,6000.685,6082.992,6256.493,6445.5,3737.674,5039.982,4613.168,3204.954,4876.341,5242.322,4191.514,4641.361,3615.074,5752.206,3713.165,3224.717,4244.508,5716.333,5056.593,5942.237,3724.192,3959.618,4294.503,4191.941,3407.737,5695.128,3437.211,3802.473,5013.706,4885.051,3235.183,5274.67,5928.337,6453.065,4964.721,4503.164,3203.145,4092.764,4149.361,4167.42,5896.444,5403.846,4709.353,6457.722,4088.423,5246.04,4843.909,5915.446,4083.5,6250.222,5948.277,5299.726,3919.047,5523.68,3635.783,5564.507,3690.95,3824.499,6267.082,5015.778,5711.367,4603.801,4572.869,3557.864,4977.772,3624.155,4807.205,3335.233,6098.47,4182.433,3229.5,4165.868,6388.959,5595.351,4642.241,3609.269,5965.636,6465.676,5941.908,4315.235,6399.268,4855.382,3500.085,4671.953,4632.518,3375.043,4755.923,4809.361,6213.134,3998.32,3837.846,3351.334,5056.391,5342.944,3493.398,6337.131,3185.673,3451.52,6358.296,3758.428,5691.14,6275.349,4422.418,3508.173,3505.996,4213.835,5801.048,4734.832,4483.68,4833.169,3403.949,4858.934,3288.962,4036.786,6037.495,4952.599,6438.352,4125.753,4460.497,3272.508,5840.288,5735.85,5387.423,4944.152,3469.868,4523.625,5931.39,3939.644,4981.127,6223.889,4893.952,5709.056,5648.551,3946.476,5359.077,5370.592,3985.671,5016.662,5644.834,4190.145,5247.835,5032.661,5603.796,6213.237,5752.099,3213.512,6485.89,4122.132,3882.862,6357.491,5411.321,5905.144,3550.447,3890.143,4371.873,4609.085,4220.458,4324.888,3904.446,4259.137,3545.073,4747.924,5912.672,4911.366,5134.463,5129.095,5712.651,4901.53,4874.508,5450.278,5104.475
717,755h to 1361h,755,1361,1106.643,841.778,1076.939,1269.747,796.582,824.261,758.067,853.232,838.985,867.956,958.995,900.865,813.092,954.499,871.643,910.959,838.198,810.843,1034.367,1338.687,1226.567,865.336,1189.776,1006.461,1102.573,1359.618,1003.473,1263.102,1336.992,867.297,1133.513,998.322,1015.231,1286.777,843.039,1269.693,1164.225,819.182,1192.701,1284.645,1346.156,1029.78,1085.181,876.887,789.701,1106.708,1225.006,1354.017,998.613,1182.336,933.306,1297.052,907.546,936.587,808.518,1050.148,941.525,793.592,1188.066,1166.188,923.744,1157.897,864.727,819.723,1105.472,1044.922,945.108,843.518,1340.363,919.16,1320.6,1071.93,847.356,904.374,896.3,975.5,900.273,1144.031,823.675,1018.761,913.006,1346.555,933.399,1136.6,1194.304,877.299,925.79,909.308,927.519,792.769,1344.976,822.187,1046.726,1106.585,1094.197,1315.837,1334.566,764.43,1220.876,866.597,1072.805,776.023,988.862,1182.171,962.334,1191.156,1283.137,1229.207,1223.637,973.702,1018.169,1321.107,1141.778,805.056,1194.624,1021.25,1136.123,1184.635,921.224,918.963,1105.508,1195.348,818.409,867.015,1147.399,1263.433,1224.707,1308.719,1116.359,1299.242,1099.332,898.29,1006.172,1039.793,1298.266,822.309,1135.174,1335.462,860.425,1293.177,1136.651,1348.579,1342.039,1349.493,1035.312,1026.498,788.43,910.849,945.354,977.887,961.502,990.597,818.21,1010.705,978.701,1054.085,887.385,851.994,1177.313,1021.489,1119.922,1229.563,792.46,822.566,939.183,1305.372,922.37,986.773,1089.772,946.634,875.267,1272.368,1180.056,896.034,1260.57,1070.17,852.102,998.398,869.177,1111.503,1147.435,1341.858,1288.67,1111.907,926.065,1072.889,844.144,1175.216,829.089,821.212,1110.363,1053.817,1345.368,1164.619,1186.169,976.843,1143.777,992.387,1023.633,1066.046,1162.053,969.696,1041.92,818.686,1018.047,1280.91,886.162,1311.895,1244.414,914.083,1297.349,1345.851,1021.906,1194.169,1058.786,1053.238,1168.774,1208.739,958.167,1221.859,764.833,1256.823,838.762,834.669,892.984,1215.898,851.389,1167.11,1360.869,1026.3,1214.848,1134.447,859.885,1031.363,1025.335,829.229,1048.327,1007.667,997.633,952.278,993.544,1013.289,963.156,1023.631,1347.86,1153.721,1290.623,902.159,1259.742,821.331
